Наименование,Описание,Рубрики,Адрес,Комментарий к адресу,Почтовый индекс,Микрорайон,Район,Город,Округ,Регион,Страна,Часы работы,Часовой пояс,Рейтинг,Количество отзывов,Телефон 1,Телефон 2,Телефон 3,E-mail,Веб-сайт,Instagram,Facebook,WhatsApp 1,WhatsApp 2,Viber,Telegram,YouTube,Широта,Долгота,2GIS URL,Тип
Сункар,медицинские центры,Больницы; Многопрофильные медицинские центры; Медицинские анализы; Медицинская диагностика; Детские врачи; Кардиолог; Ведение беременности; Процедурный кабинет; Невролог; Терапевт; Уролог; Гинеколог; ЛОР (отоларинголог); Эндокринолог; Хирург; Маммолог; Офтальмолог; Ревматолог; Аллерголог / иммунолог; Гастроэнтеролог; Нефролог; Онколог,"микрорайон Аксай-4, 117",1 этаж,050063,Аксай-4 м-н,Ауэзовский район,Алматы,,Алматы,Казахстан,Пн: 08:00-20:00; Вт: 08:00-20:00; Ср: 08:00-20:00; Чт: 08:00-20:00; Пт: 08:00-20:00; Сб: 09:00-17:00; Вс: 09:00-17:00,+05:00,2.8,935,87273730606 (единая справочная: пн-вс 8:00-20:00),87018795004 (единая справочная: пн-вс 8:00-20:00),87018795007 (единая справочная: пн-вс 8:00-20:00),,http://www.densaulyk.kz,https://instagram.com/suncar.kz,https://facebook.com/suncarkz,https://wa.me/77012777777,,,,https://youtube.com/@SUNCARTV,43.230565,76.840611,https://2gis.com/firm/9429940000838334,branch
Достар Мед,медицинский центр,Больницы; Многопрофильные медицинские центры; Медицинская диагностика; Детские врачи; Медицинские анализы; Гинеколог; Уролог; Дерматолог; ЛОР (отоларинголог); Офтальмолог; Кардиолог; Проктолог; Эндокринолог; Хирург; Пульмонолог; Медицинские комиссии; Аллерголог / иммунолог; Ревматолог; Травматолог-ортопед; Логопед,"улица Сеченова, 29/7",,050060,,Бостандыкский район,Алматы,,Алматы,Казахстан,Пн: 09:00-20:00; Вт: 09:00-20:00; Ср: 09:00-20:00; Чт: 09:00-20:00; Пт: 09:00-20:00; Сб: 09:00-20:00; Вс: 09:00-20:00,+05:00,3.3,298,87273440363 (поликлиника),87003440363 (поликлиника),87089114158 (платное отделение ),,,https://instagram.com/dostarmed.almaty,,,,,,,43.214261,76.89594,https://2gis.com/firm/70000001065029885,branch
Cardios,кардиологический центр,Больницы; Кардиолог; Медицинская диагностика; Медицинские анализы,"улица Казыбек би, 139 к2",1 этаж,050026,,Алмалинский район,Алматы,,Алматы,Казахстан,Пн: 09:00-18:00; Вт: 09:00-18:00; Ср: 09:00-18:00; Чт: 09:00-18:00; Пт: 09:00-18:00; Сб: 09:00-18:00 (по предварительной записи),+05:00,4.6,297,87006757951,,,cardiosalmaty@gmail.com,http://cardios.kz,https://instagram.com/cardios.kz,https://facebook.com/Cardios-475584212880167/notifications,https://wa.me/77006757951,,,,,43.255123,76.919262,https://2gis.com/firm/70000001022377862,branch
Asia Med Clinic,,Больницы; Медицинская диагностика; Многопрофильные медицинские центры; Эндокринолог; Процедурный кабинет; Хирург; Невролог; Аллерголог / иммунолог; Гастроэнтеролог; Кардиолог; Терапевт; Ревматолог; Частные стоматологии,"микрорайон Акбулак, 1",,050038,Акбулак м-н,Алатауский район,Алматы,,Алматы,Казахстан,Пн: 08:00-17:00; Вт: 08:00-17:00; Ср: 08:00-17:00; Чт: 08:00-17:00; Пт: 08:00-17:00; Сб: 08:00-17:00 (медицинский центр: пн-пт 8:00-17:00),+05:00,3.8,342,87770821972,"87053854490 (регистратура, МРТ и рентген )",,med.azia@mail.ru,,https://instagram.com/asiamed.clinic,,https://wa.me/77770821972,https://wa.me/77053854490,,,,43.25474,76.823443,https://2gis.com/firm/70000001060965114,branch
Центральная городская клиническая больница,,Больницы,"улица Жандосова, 6",,050040,,Бостандыкский район,Алматы,,Алматы,Казахстан,Пн: 08:00-17:00; Вт: 08:00-17:00; Ср: 08:00-17:00; Чт: 08:00-17:00; Пт: 08:00-17:00,+05:00,3.6,549,87272748443 (приемный покой),87272748261 (регистратура),87007300383 (служба поддержки),,http://almaty-cgkb.kz,https://instagram.com/almaty.cgkb,https://facebook.com/almaty.cgkb,https://wa.me/77007300383,,,https://t.me/+77007300383,https://youtube.com/channel/UCnoLnWIPnCygv-uV6FratRA,43.234367,76.91155,https://2gis.com/firm/9429940000802108,branch
Центр детской неотложной медицинской помощи,,Больницы,"улица Манаса, 40",,050040,,Бостандыкский район,Алматы,,Алматы,Казахстан,Пн: 00:00-24:00; Вт: 00:00-24:00; Ср: 00:00-24:00; Чт: 00:00-24:00; Пт: 00:00-24:00; Сб: 00:00-24:00; Вс: 00:00-24:00 (прием передачи: пн-вс 10:00-14:00; 16:00-19:00 ),+05:00,3.4,358,87272744543 (регистратура),87272748001 (приемная гл. врача),,,,,,,,,,,43.231987,76.910879,https://2gis.com/firm/9429940000794875,branch
Городская клиническая больница №5,,Больницы,"проспект Достык, 220",,050051,,Медеуский район,Алматы,,Алматы,Казахстан,Пн: 08:00-17:00; Вт: 08:00-17:00; Ср: 08:00-17:00; Чт: 08:00-17:00; Пт: 08:00-17:00,+05:00,2.7,900,87272644689 (отдел сурдологии),87272620264 (аптека ),87272969127 (отдел детской челюстно-лицевой хирургии и лора),,http://gkb5.kz,,,,,,,,43.226707,76.96271,https://2gis.com/firm/9429940000794523,branch
Детская больница №2,,Больницы,"проспект Алтынсарина, 54",,050062,2 м-н,Ауэзовский район,Алматы,,Алматы,Казахстан,Пн: 00:00-24:00; Вт: 00:00-24:00; Ср: 00:00-24:00; Чт: 00:00-24:00; Пт: 00:00-24:00; Сб: 00:00-24:00; Вс: 00:00-24:00,+05:00,2.1,481,"87273410305 (доп.101, клинико-диагностический центр)","87273410305 (доп.173, клинико-диагностический центр)","87273410305 (доп.208, клинико-диагностический центр)",,,https://instagram.com/dgkb2.almaty,https://facebook.com/profile.php?id=100017401992636,,,,,,43.232802,76.856133,https://2gis.com/firm/9429940000794876,branch
Городская больница скорой неотложной помощи,,Больницы,"улица Казыбек би, 96",,050012,,Алмалинский район,Алматы,,Алматы,Казахстан,Пн: 00:00-24:00; Вт: 00:00-24:00; Ср: 00:00-24:00; Чт: 00:00-24:00; Пт: 00:00-24:00; Сб: 00:00-24:00; Вс: 00:00-24:00,+05:00,3.7,771,87272923101 (приемная),87272924241 (приемная гл. врача),87273170169,,http://gbsnp.kz,https://instagram.com/almaty_qjskka,https://facebook.com/bsnp.kz,,,,,,43.254926,76.929225,https://2gis.com/firm/9429940000884972,branch
Детская городская клиническая инфекционная больница,,Больницы,"улица Байзакова, 299а",,050040,,Бостандыкский район,Алматы,,Алматы,Казахстан,"Пн: 08:00-13:00, 14:00-18:00; Вт: 08:00-13:00, 14:00-18:00; Ср: 08:00-13:00, 14:00-18:00; Чт: 08:00-13:00, 14:00-18:00; Пт: 08:00-13:00, 14:00-18:00",+05:00,4.0,387,87273948817 (приемная гл. врача),,,,http://dgkib.kz,,,,,,,,43.232525,76.912693,https://2gis.com/firm/9429940000794877,branch
Научный центр педиатрии и детской хирургии,,Больницы,"проспект Аль-Фараби, 146",,050044,Баганашыл м-н,Бостандыкский район,Алматы,,Алматы,Казахстан,"Пн: 08:30-13:00, 14:00-17:00; Вт: 08:30-13:00, 14:00-17:00; Ср: 08:30-13:00, 14:00-17:00; Чт: 08:30-13:00, 14:00-17:00; Пт: 08:30-13:00, 14:00-17:00 (по предварительной записи)",+05:00,3.3,196,87272992687 (регистратура),87272992230 (справочная),87272990688,,http://pediatria.kz,https://instagram.com/pediatria.kz,https://facebook.com/pediatria.kaz,,,,,,43.204818,76.916933,https://2gis.com/firm/9429940000798484,branch
Городская клиническая больница №7,,Больницы,"микрорайон Калкаман, 20",,050006,Калкаман м-н,Наурызбайский район,Алматы,,Алматы,Казахстан,Пн: 08:00-18:00; Вт: 08:00-20:00; Ср: 08:00-20:00; Чт: 08:00-20:00; Пт: 08:00-20:00; Сб: 08:00-20:00,+05:00,2.8,574,87273410666 (контакт-центр),87272708687 (приемный покой),87272708614 (приемный покой),,http://www.gkb7.kz,https://instagram.com/gkb7almaty,,,,,,,43.232353,76.799945,https://2gis.com/firm/9429940000794524,branch
Городская клиническая больница №1,отделение многопрофильной терапии ВОВ,Больницы,"улица Ашимова, 2",,050006,Калкаман м-н,Наурызбайский район,Алматы,,Алматы,Казахстан,"Пн: 08:00-13:00, 14:00-17:00; Вт: 08:00-13:00, 14:00-17:00; Ср: 08:00-13:00, 14:00-17:00; Чт: 08:00-13:00, 14:00-17:00; Пт: 08:00-13:00, 14:00-17:00",+05:00,,,87273122466 (единая справочная: пн-вс),87272708733 (единая справочная: пн-пт),87272708734 (единая справочная: пн-пт),,,,,,,,,,43.229333,76.802042,https://2gis.com/firm/70000001088946941,branch
Городская клиническая больница №1,пульмонологическое отделение,Больницы,"улица Ашимова, 2",,050006,Калкаман м-н,Наурызбайский район,Алматы,,Алматы,Казахстан,"Пн: 08:00-13:00, 14:00-17:00; Вт: 08:00-13:00, 14:00-17:00; Ср: 08:00-13:00, 14:00-17:00; Чт: 08:00-13:00, 14:00-17:00; Пт: 08:00-13:00, 14:00-17:00",+05:00,,,87273122466 (единая справочная: пн-вс),87272708733 (единая справочная: пн-пт),87272708734 (единая справочная: пн-пт),,,,,,,,,,43.229333,76.802042,https://2gis.com/firm/70000001088949146,branch
Городская клиническая больница №7,гематологическое отделение,Больницы,"микрорайон Калкаман, 20",,050006,Калкаман м-н,Наурызбайский район,Алматы,,Алматы,Казахстан,Пн: 08:00-18:00; Вт: 08:00-20:00; Ср: 08:00-20:00; Чт: 08:00-20:00; Пт: 08:00-20:00; Сб: 08:00-20:00,+05:00,5.0,1,87273410666 (контакт-центр),87272708687 (приемный покой),87272708614 (приемный покой),,http://www.gkb7.kz,https://instagram.com/gkb7almaty,,,,,,,43.232767,76.799731,https://2gis.com/firm/70000001088976155,branch
Городская клиническая больница №7,неврологическое отделение,Больницы,"микрорайон Калкаман, 20",,050006,Калкаман м-н,Наурызбайский район,Алматы,,Алматы,Казахстан,Пн: 08:00-18:00; Вт: 08:00-20:00; Ср: 08:00-20:00; Чт: 08:00-20:00; Пт: 08:00-20:00; Сб: 08:00-20:00,+05:00,,,87273410666 (контакт-центр),87272708687 (приемный покой),87272708614 (приемный покой),,http://www.gkb7.kz,https://instagram.com/gkb7almaty,,,,,,,43.232767,76.799731,https://2gis.com/firm/70000001088975899,branch
Городская клиническая больница №7,отделение хирургии №2,Больницы,"микрорайон Калкаман, 20",,050006,Калкаман м-н,Наурызбайский район,Алматы,,Алматы,Казахстан,Пн: 08:00-18:00; Вт: 08:00-20:00; Ср: 08:00-20:00; Чт: 08:00-20:00; Пт: 08:00-20:00; Сб: 08:00-20:00,+05:00,,,87273410666 (контакт-центр),87272708687 (приемный покой),87272708614 (приемный покой),,http://www.gkb7.kz,https://instagram.com/gkb7almaty,,,,,,,43.232592,76.798812,https://2gis.com/firm/70000001088976572,branch
Городская клиническая больница №7,нефрологическое отделение,Больницы,"микрорайон Калкаман, 20",,050006,Калкаман м-н,Наурызбайский район,Алматы,,Алматы,Казахстан,Пн: 08:00-18:00; Вт: 08:00-20:00; Ср: 08:00-20:00; Чт: 08:00-20:00; Пт: 08:00-20:00; Сб: 08:00-20:00,+05:00,,,87273410666 (контакт-центр),87272708687 (приемный покой),87272708614 (приемный покой),,http://www.gkb7.kz,https://instagram.com/gkb7almaty,,,,,,,43.232767,76.799731,https://2gis.com/firm/70000001088976111,branch
Городская клиническая больница №7,отделение хирургии №1,Больницы,"микрорайон Калкаман, 20",,050006,Калкаман м-н,Наурызбайский район,Алматы,,Алматы,Казахстан,Пн: 08:00-18:00; Вт: 08:00-20:00; Ср: 08:00-20:00; Чт: 08:00-20:00; Пт: 08:00-20:00; Сб: 08:00-20:00,+05:00,,,87273410666 (контакт-центр),87272708687 (приемный покой),87272708614 (приемный покой),,http://www.gkb7.kz,https://instagram.com/gkb7almaty,,,,,,,43.232592,76.798812,https://2gis.com/firm/70000001088976557,branch
Городская клиническая больница №1,платное отделение,Больницы; Кардиолог; Пульмонолог; Невролог; Эндокринолог; Рефлексотерапевт; Физиотерапевт; Хирург; Гинеколог; Психолог; Логопед; Ангиохирург; Проведение хирургических операций; Медицинская диагностика; Занятия лечебной физкультурой (ЛФК); Массажист; Медицинские анализы,"улица Ашимова, 2",,050006,Калкаман м-н,Наурызбайский район,Алматы,,Алматы,Казахстан,"Пн: 08:00-13:00, 14:00-17:00; Вт: 08:00-13:00, 14:00-17:00; Ср: 08:00-13:00, 14:00-17:00; Чт: 08:00-13:00, 14:00-17:00; Пт: 08:00-13:00, 14:00-17:00",+05:00,,,87273122466 (единая справочная: пн-вс),87272708733 (единая справочная: пн-пт),87272708734 (единая справочная: пн-пт),,,,,,,,,,43.229333,76.802042,https://2gis.com/firm/70000001088949870,branch
Городская клиническая больница №7,нейроинсультное отделение,Больницы,"микрорайон Калкаман, 20",,050006,Калкаман м-н,Наурызбайский район,Алматы,,Алматы,Казахстан,Пн: 08:00-18:00; Вт: 08:00-20:00; Ср: 08:00-20:00; Чт: 08:00-20:00; Пт: 08:00-20:00; Сб: 08:00-20:00,+05:00,,,87273410666 (контакт-центр),87272708687 (приемный покой),87272708614 (приемный покой),,http://www.gkb7.kz,https://instagram.com/gkb7almaty,,,,,,,43.232767,76.799731,https://2gis.com/firm/70000001088977360,branch
Городская клиническая больница №7,эндокринологическое отделение,Больницы,"микрорайон Калкаман, 20",,050006,Калкаман м-н,Наурызбайский район,Алматы,,Алматы,Казахстан,Пн: 08:00-18:00; Вт: 08:00-20:00; Ср: 08:00-20:00; Чт: 08:00-20:00; Пт: 08:00-20:00; Сб: 08:00-20:00,+05:00,,,87273410666 (контакт-центр),87272708687 (приемный покой),87272708614 (приемный покой),,http://www.gkb7.kz,https://instagram.com/gkb7almaty,,,,,,,43.232767,76.799731,https://2gis.com/firm/70000001088975852,branch
Городская клиническая больница №7,отделение нейрореабилитации,Больницы,"микрорайон Калкаман, 20",,050006,Калкаман м-н,Наурызбайский район,Алматы,,Алматы,Казахстан,Пн: 08:00-18:00; Вт: 08:00-20:00; Ср: 08:00-20:00; Чт: 08:00-20:00; Пт: 08:00-20:00; Сб: 08:00-20:00,+05:00,,,87273410666 (контакт-центр),87272708687 (приемный покой),87272708614 (приемный покой),,http://www.gkb7.kz,https://instagram.com/gkb7almaty,,,,,,,43.232767,76.799731,https://2gis.com/firm/70000001088975921,branch
Городская клиническая больница №7,отделение ортопедической хирургии,Больницы,"микрорайон Калкаман, 20",,050006,Калкаман м-н,Наурызбайский район,Алматы,,Алматы,Казахстан,Пн: 08:00-18:00; Вт: 08:00-20:00; Ср: 08:00-20:00; Чт: 08:00-20:00; Пт: 08:00-20:00; Сб: 08:00-20:00,+05:00,,,87273410666 (контакт-центр),87272708687 (приемный покой),87272708614 (приемный покой),,http://www.gkb7.kz,https://instagram.com/gkb7almaty,,,,,,,43.232592,76.798812,https://2gis.com/firm/70000001088976417,branch
Городская клиническая больница №7,гинекологическое отделение №1,Больницы,"микрорайон Калкаман, 20",,050006,Калкаман м-н,Наурызбайский район,Алматы,,Алматы,Казахстан,Пн: 08:00-18:00; Вт: 08:00-20:00; Ср: 08:00-20:00; Чт: 08:00-20:00; Пт: 08:00-20:00; Сб: 08:00-20:00,+05:00,,,87273410666 (контакт-центр),87272708687 (приемный покой),87272708614 (приемный покой),,http://www.gkb7.kz,https://instagram.com/gkb7almaty,,,,,,,43.232592,76.798812,https://2gis.com/firm/70000001088976670,branch
Городская клиническая больница №1,аллергологическое отделение,Больницы,"улица Ашимова, 2",,050006,Калкаман м-н,Наурызбайский район,Алматы,,Алматы,Казахстан,"Пн: 08:00-13:00, 14:00-17:00; Вт: 08:00-13:00, 14:00-17:00; Ср: 08:00-13:00, 14:00-17:00; Чт: 08:00-13:00, 14:00-17:00; Пт: 08:00-13:00, 14:00-17:00",+05:00,5.0,1,87273122466 (единая справочная: пн-вс),87272708733 (единая справочная: пн-пт),87272708734 (единая справочная: пн-пт),,,,,,,,,,43.229333,76.802042,https://2gis.com/firm/70000001088949138,branch
Городская клиническая больница №7,отделение политравмы,Больницы,"микрорайон Калкаман, 20",,050006,Калкаман м-н,Наурызбайский район,Алматы,,Алматы,Казахстан,Пн: 08:00-18:00; Вт: 08:00-20:00; Ср: 08:00-20:00; Чт: 08:00-20:00; Пт: 08:00-20:00; Сб: 08:00-20:00,+05:00,1.0,1,87273410666 (контакт-центр),87272708687 (приемный покой),87272708614 (приемный покой),,http://www.gkb7.kz,https://instagram.com/gkb7almaty,,,,,,,43.232592,76.798812,https://2gis.com/firm/70000001088976720,branch
Городская клиническая больница №1,"отделение анестезиологии, реанимации и интенсивной терапии",Больницы,"улица Ашимова, 2",,050006,Калкаман м-н,Наурызбайский район,Алматы,,Алматы,Казахстан,"Пн: 08:00-13:00, 14:00-17:00; Вт: 08:00-13:00, 14:00-17:00; Ср: 08:00-13:00, 14:00-17:00; Чт: 08:00-13:00, 14:00-17:00; Пт: 08:00-13:00, 14:00-17:00",+05:00,,,87273122466 (единая справочная: пн-вс),87272708733 (единая справочная: пн-пт),87272708734 (единая справочная: пн-пт),,,,,,,,,,43.229333,76.802042,https://2gis.com/firm/70000001088949017,branch
Городская клиническая больница №1,неврологическое отделение,Больницы,"улица Ашимова, 2",,050006,Калкаман м-н,Наурызбайский район,Алматы,,Алматы,Казахстан,"Пн: 08:00-13:00, 14:00-17:00; Вт: 08:00-13:00, 14:00-17:00; Ср: 08:00-13:00, 14:00-17:00; Чт: 08:00-13:00, 14:00-17:00; Пт: 08:00-13:00, 14:00-17:00",+05:00,,,87273122466 (единая справочная: пн-вс),87272708733 (единая справочная: пн-пт),87272708734 (единая справочная: пн-пт),,,,,,,,,,43.229333,76.802042,https://2gis.com/firm/70000001088949099,branch
Городская клиническая больница №1,клинико-диагностическое отделение,Больницы,"улица Ашимова, 2",,050006,Калкаман м-н,Наурызбайский район,Алматы,,Алматы,Казахстан,"Пн: 08:00-13:00, 14:00-17:00; Вт: 08:00-13:00, 14:00-17:00; Ср: 08:00-13:00, 14:00-17:00; Чт: 08:00-13:00, 14:00-17:00; Пт: 08:00-13:00, 14:00-17:00",+05:00,,,87273122466 (единая справочная: пн-вс),87272708733 (единая справочная: пн-пт),87272708734 (единая справочная: пн-пт),,,,,,,,,,43.229333,76.802042,https://2gis.com/firm/70000001088949205,branch
Городская клиническая больница №7,клинико-диагностическая лаборатория,Больницы,"микрорайон Калкаман, 20",,050006,Калкаман м-н,Наурызбайский район,Алматы,,Алматы,Казахстан,Пн: 08:00-18:00; Вт: 08:00-20:00; Ср: 08:00-20:00; Чт: 08:00-20:00; Пт: 08:00-20:00; Сб: 08:00-20:00,+05:00,,,87273410666 (контакт-центр),87272708687 (приемный покой),87272708614 (приемный покой),,http://www.gkb7.kz,https://instagram.com/gkb7almaty,,,,,,,43.232767,76.799731,https://2gis.com/firm/70000001088975961,branch
Городская клиническая больница №1,кардиологическое отделение,Больницы,"улица Ашимова, 2",,050006,Калкаман м-н,Наурызбайский район,Алматы,,Алматы,Казахстан,"Пн: 08:00-13:00, 14:00-17:00; Вт: 08:00-13:00, 14:00-17:00; Ср: 08:00-13:00, 14:00-17:00; Чт: 08:00-13:00, 14:00-17:00; Пт: 08:00-13:00, 14:00-17:00",+05:00,,,87273122466 (единая справочная: пн-вс),87272708733 (единая справочная: пн-пт),87272708734 (единая справочная: пн-пт),,,,,,,,,,43.229333,76.802042,https://2gis.com/firm/70000001088946809,branch
Городская клиническая больница №7,отделение интервенционной кардиологии и аритмологии,Больницы,"микрорайон Калкаман, 20",,050006,Калкаман м-н,Наурызбайский район,Алматы,,Алматы,Казахстан,Пн: 08:00-18:00; Вт: 08:00-20:00; Ср: 08:00-20:00; Чт: 08:00-20:00; Пт: 08:00-20:00; Сб: 08:00-20:00,+05:00,,,87273410666 (контакт-центр),87272708687 (приемный покой),87272708614 (приемный покой),,http://www.gkb7.kz,https://instagram.com/gkb7almaty,,,,,,,43.232767,76.799731,https://2gis.com/firm/70000001088976187,branch
Городская клиническая больница №7,отделение анестезиологии и реанимации,Больницы,"микрорайон Калкаман, 20",,050006,Калкаман м-н,Наурызбайский район,Алматы,,Алматы,Казахстан,Пн: 08:00-18:00; Вт: 08:00-20:00; Ср: 08:00-20:00; Чт: 08:00-20:00; Пт: 08:00-20:00; Сб: 08:00-20:00,+05:00,,,87273410666 (контакт-центр),87272708687 (приемный покой),87272708614 (приемный покой),,http://www.gkb7.kz,https://instagram.com/gkb7almaty,,,,,,,43.232592,76.798812,https://2gis.com/firm/70000001088976265,branch
Центр детской неотложной медицинской помощи,отделение гнойной хирургии,Больницы,"улица Манаса, 40",,050040,,Бостандыкский район,Алматы,,Алматы,Казахстан,Пн: 00:00-24:00; Вт: 00:00-24:00; Ср: 00:00-24:00; Чт: 00:00-24:00; Пт: 00:00-24:00; Сб: 00:00-24:00; Вс: 00:00-24:00,+05:00,1.0,2,87272744835,,,,,,,,,,,,43.231966,76.910775,https://2gis.com/firm/70000001029478284,branch
Городской кардиологический центр,,Больницы,"улица Толе би, 93",,050012,,Алмалинский район,Алматы,,Алматы,Казахстан,Пн: 08:00-16:30; Вт: 08:00-16:30; Ср: 08:00-16:30; Чт: 08:00-16:30; Пт: 08:00-16:30 (по предварительной записи),+05:00,2.6,103,87002444206 (регистратура),87272250042 (регистратура),87272797791 (регистратура ),,http://kardio-almaty.kz,,,https://wa.me/77002444206,,,,,43.253996,76.92809,https://2gis.com/firm/9429940000794554,branch
Национальный госпиталь медицинского центра Управления делами Президента РК,,Больницы,"улица Панфилова, 139",,050000,,Алмалинский район,Алматы,,Алматы,Казахстан,Пн: 08:00-19:00; Вт: 08:00-19:00; Ср: 08:00-19:00; Чт: 08:00-19:00; Пт: 08:00-19:00; Сб: 08:00-14:00,+05:00,3.1,119,87273384310 (call-центр),,,,http://snh.kz,https://instagram.com/sovminka,https://facebook.com/sovminka,,,,,,43.247204,76.945589,https://2gis.com/firm/9429940000802109,branch
Городская клиническая больница №5,отделение детской челюстно-лицевой хирургии,Больницы,"проспект Достык, 220/1",,050051,,Медеуский район,Алматы,,Алматы,Казахстан,Пн: 00:00-24:00; Вт: 00:00-24:00; Ср: 00:00-24:00; Чт: 00:00-24:00; Пт: 00:00-24:00; Сб: 00:00-24:00; Вс: 00:00-24:00,+05:00,2.9,11,87272647762,87272647554 (приемная гл. врача),87272647380 (лаборатория),,http://gkb5.kz,,,,,,,,43.227596,76.962169,https://2gis.com/firm/70000001088955154,branch
Городская больница скорой неотложной помощи,приемное отделение,Больницы,"улица Казыбек би, 96",,050012,,Алмалинский район,Алматы,,Алматы,Казахстан,Пн: 00:00-24:00; Вт: 00:00-24:00; Ср: 00:00-24:00; Чт: 00:00-24:00; Пт: 00:00-24:00; Сб: 00:00-24:00; Вс: 00:00-24:00,+05:00,3.0,2,87272923101 (приемная),87272924241 (приемная гл. врача),87273170169,,http://gbsnp.kz,https://instagram.com/almaty_qjskka,https://facebook.com/bsnp.kz,,,,,,43.25534,76.929167,https://2gis.com/firm/70000001088915175,branch
Алматинская многопрофильная клиническая больница,,Больницы,"улица Демченко, 83",,050019,,Медеуский район,Алматы,,Алматы,Казахстан,Пн: 09:00-17:00; Вт: 09:00-17:00; Ср: 09:00-17:00; Чт: 09:00-17:00; Пт: 09:00-17:00,+05:00,3.2,389,87273993862 (приемный покой),87273993852,,,http://amkb.kz,https://instagram.com/almobl_amkb,https://facebook.com/amkb.pr,https://wa.me/77078069496,,,,,43.283086,76.990425,https://2gis.com/firm/9429940000792193,branch
Городской кардиологический центр,отделение реанимации и интенсивной терапии для кардиологических больных,Больницы,"улица Толе би, 93",,050012,,Алмалинский район,Алматы,,Алматы,Казахстан,Пн: 08:00-16:30; Вт: 08:00-16:30; Ср: 08:00-16:30; Чт: 08:00-16:30; Пт: 08:00-16:30; Сб: 08:00-16:30; Вс: 08:00-16:30 (по предварительной записи),+05:00,2.3,19,87002444206 (регистратура),87272250042 (регистратура),87272797791 (регистратура ),,http://kardio-almaty.kz,,,https://wa.me/77085820717,,,,,43.253996,76.92809,https://2gis.com/firm/70000001029465496,branch
Городская клиническая больница №5,,Больницы,"проспект Достык, 220/1",,050051,,Медеуский район,Алматы,,Алматы,Казахстан,Пн: 08:00-17:00; Вт: 08:00-17:00; Ср: 08:00-17:00; Чт: 08:00-17:00; Пт: 08:00-17:00,+05:00,3.1,123,87272641578 (регистратура),87272647554 (приемная гл. врача),87272647380 (лаборатория),,http://gkb5.kz,,,,,,,,43.22756,76.962623,https://2gis.com/firm/9429940001143199,branch
Городская больница скорой неотложной помощи,хирургическое отделение,Больницы,"улица Казыбек би, 96",,050012,,Алмалинский район,Алматы,,Алматы,Казахстан,Пн: 00:00-24:00; Вт: 00:00-24:00; Ср: 00:00-24:00; Чт: 00:00-24:00; Пт: 00:00-24:00; Сб: 00:00-24:00; Вс: 00:00-24:00,+05:00,,,87272923101 (приемная),87272924241 (приемная гл. врача),87273170169,,http://gbsnp.kz,https://instagram.com/almaty_qjskka,https://facebook.com/bsnp.kz,,,,,,43.25534,76.929167,https://2gis.com/firm/70000001088915227,branch
Городской кардиологический центр,отделение платных услуг,Больницы; Кардиолог; Терапевт; Невролог; Эндокринолог; Реабилитационные центры; Физиотерапевт; Инфекционист; Процедурный кабинет; Медицинская диагностика; Массажист; Проведение хирургических операций,"улица Толе би, 93",,050012,,Алмалинский район,Алматы,,Алматы,Казахстан,Пн: 08:00-16:30; Вт: 08:00-16:30; Ср: 08:00-16:30; Чт: 08:00-16:30; Пт: 08:00-16:30 (по предварительной записи),+05:00,1.0,6,87002444206 (регистратура),87272250042 (регистратура),87272797791 (регистратура ),,http://kardio-almaty.kz,,,https://wa.me/77085820717,,,,,43.253996,76.92809,https://2gis.com/firm/70000001029465530,branch
Национальный госпиталь медицинского центра Управления делами Президента РК,"отделение травматологии, ортопедии и нейрохирургии",Больницы,"улица Панфилова, 139",,050000,,Алмалинский район,Алматы,,Алматы,Казахстан,Пн: 00:00-24:00; Вт: 00:00-24:00; Ср: 00:00-24:00; Чт: 00:00-24:00; Пт: 00:00-24:00; Сб: 00:00-24:00; Вс: 00:00-24:00,+05:00,1.7,6,87272610434,,,,,https://instagram.com/sovminka,https://facebook.com/sovminka,,,,,,43.247187,76.944594,https://2gis.com/firm/70000001029478767,branch
Городской кардиологический центр,кабинет переливания крови,Больницы,"улица Толе би, 93",,050012,,Алмалинский район,Алматы,,Алматы,Казахстан,Пн: 08:00-16:30; Вт: 08:00-16:30; Ср: 08:00-16:30; Чт: 08:00-16:30; Пт: 08:00-16:30 (по предварительной записи),+05:00,,,87272250042 (доп.181),87272250042 (регистратура),87272797791 (регистратура ),,http://kardio-almaty.kz,,,https://wa.me/77085820717,,,,,43.253996,76.92809,https://2gis.com/firm/70000001029465821,branch
Центр детской неотложной медицинской помощи,инфекционно-боксовое отделение,Больницы,"улица Манаса, 40",,050040,,Бостандыкский район,Алматы,,Алматы,Казахстан,Пн: 00:00-24:00; Вт: 00:00-24:00; Ср: 00:00-24:00; Чт: 00:00-24:00; Пт: 00:00-24:00; Сб: 00:00-24:00; Вс: 00:00-24:00,+05:00,4.7,8,87272748451,,,,,,,,,,,,43.231966,76.910775,https://2gis.com/firm/70000001029478440,branch
Городская больница скорой неотложной помощи,отделение физиотерапии,Больницы,"улица Казыбек би, 96",,050012,,Алмалинский район,Алматы,,Алматы,Казахстан,Пн: 00:00-24:00; Вт: 00:00-24:00; Ср: 00:00-24:00; Чт: 00:00-24:00; Пт: 00:00-24:00; Сб: 00:00-24:00; Вс: 00:00-24:00,+05:00,,,87272923101 (приемная),87272924241 (приемная гл. врача),87273170169,,http://gbsnp.kz,https://instagram.com/almaty_qjskka,https://facebook.com/bsnp.kz,,,,,,43.25534,76.929167,https://2gis.com/firm/70000001088920665,branch
Городская больница скорой неотложной помощи,операционный блок,Больницы,"улица Казыбек би, 96",,050012,,Алмалинский район,Алматы,,Алматы,Казахстан,Пн: 00:00-24:00; Вт: 00:00-24:00; Ср: 00:00-24:00; Чт: 00:00-24:00; Пт: 00:00-24:00; Сб: 00:00-24:00; Вс: 00:00-24:00,+05:00,,,87272923101 (приемная),87272924241 (приемная гл. врача),87273170169,,http://gbsnp.kz,https://instagram.com/almaty_qjskka,https://facebook.com/bsnp.kz,,,,,,43.25534,76.929167,https://2gis.com/firm/70000001088920719,branch
Центральная городская клиническая больница,отделение нейрохирургии,Больницы,"улица Жандосова, 6",2 этаж,050040,,Бостандыкский район,Алматы,,Алматы,Казахстан,Пн: 08:00-16:00; Вт: 08:00-16:00; Ср: 08:00-16:00; Чт: 08:00-16:00; Пт: 08:00-16:00,+05:00,5.0,138,87072358676,87015453355,,,,,,,,,,,43.235021,76.911255,https://2gis.com/firm/70000001069033922,branch
Детская городская клиническая инфекционная больница,приемное отделение,Больницы,"улица Байзакова, 299а",1 этаж,050040,,Бостандыкский район,Алматы,,Алматы,Казахстан,Пн: 00:00-24:00; Вт: 00:00-24:00; Ср: 00:00-24:00; Чт: 00:00-24:00; Пт: 00:00-24:00; Сб: 00:00-24:00; Вс: 00:00-24:00,+05:00,4.7,6,87273948824,,,,http://dgkib.kz,,,,,,,,43.232535,76.912593,https://2gis.com/firm/70000001039760813,branch
Национальный госпиталь медицинского центра Управления делами Президента РК,кардиологическое отделение,Больницы,"улица Панфилова, 139",,050000,,Алмалинский район,Алматы,,Алматы,Казахстан,Пн: 08:00-16:00; Вт: 08:00-16:00; Ср: 08:00-16:00; Чт: 08:00-16:00; Пт: 08:00-16:00,+05:00,,,87272619718,87272619719,,,,https://instagram.com/sovminka,https://facebook.com/sovminka,,,,,,43.247187,76.944594,https://2gis.com/firm/70000001029478714,branch
Национальный госпиталь медицинского центра Управления делами Президента РК,соматическое отделение,Больницы,"улица Панфилова, 139",,050000,,Алмалинский район,Алматы,,Алматы,Казахстан,Пн: 00:00-24:00; Вт: 00:00-24:00; Ср: 00:00-24:00; Чт: 00:00-24:00; Пт: 00:00-24:00; Сб: 00:00-24:00; Вс: 00:00-24:00,+05:00,5.0,1,87272619798,87057103244,,,,https://instagram.com/sovminka,https://facebook.com/sovminka,,,,,,43.247187,76.944594,https://2gis.com/firm/70000001029478866,branch
Национальный госпиталь медицинского центра Управления делами Президента РК,гастроэнтерологическое отделение,Больницы,"улица Панфилова, 139",,050000,,Алмалинский район,Алматы,,Алматы,Казахстан,Пн: 08:00-16:00; Вт: 08:00-16:00; Ср: 08:00-16:00; Чт: 08:00-16:00; Пт: 08:00-16:00,+05:00,3.5,2,87272619714,,,,,https://instagram.com/sovminka,https://facebook.com/sovminka,,,,,,43.247187,76.944594,https://2gis.com/firm/70000001029478631,branch
Городская больница скорой неотложной помощи,отделение лучевой диагностики,Больницы,"улица Казыбек би, 96",,050012,,Алмалинский район,Алматы,,Алматы,Казахстан,Пн: 00:00-24:00; Вт: 00:00-24:00; Ср: 00:00-24:00; Чт: 00:00-24:00; Пт: 00:00-24:00; Сб: 00:00-24:00; Вс: 00:00-24:00,+05:00,,,87272923101 (приемная),87272924241 (приемная гл. врача),87273170169,,http://gbsnp.kz,https://instagram.com/almaty_qjskka,https://facebook.com/bsnp.kz,,,,,,43.25534,76.929167,https://2gis.com/firm/70000001088920631,branch
Городская больница скорой неотложной помощи,отделение терапии,Больницы,"улица Казыбек би, 96",,050012,,Алмалинский район,Алматы,,Алматы,Казахстан,Пн: 00:00-24:00; Вт: 00:00-24:00; Ср: 00:00-24:00; Чт: 00:00-24:00; Пт: 00:00-24:00; Сб: 00:00-24:00; Вс: 00:00-24:00,+05:00,,,87272923101 (приемная),87272924241 (приемная гл. врача),87273170169,,http://gbsnp.kz,https://instagram.com/almaty_qjskka,https://facebook.com/bsnp.kz,,,,,,43.25534,76.929167,https://2gis.com/firm/70000001088920579,branch
Городская больница скорой неотложной помощи,консультативно-диагностическое отделение ,Больницы,"улица Казыбек би, 96",,050012,,Алмалинский район,Алматы,,Алматы,Казахстан,Пн: 00:00-24:00; Вт: 00:00-24:00; Ср: 00:00-24:00; Чт: 00:00-24:00; Пт: 00:00-24:00; Сб: 00:00-24:00; Вс: 00:00-24:00,+05:00,,,87272923101 (приемная),87272924241 (приемная гл. врача),87273170169,,http://gbsnp.kz,https://instagram.com/almaty_qjskka,https://facebook.com/bsnp.kz,,,,,,43.25534,76.929167,https://2gis.com/firm/70000001088920694,branch
Городская больница скорой неотложной помощи,отделение неврологии,Больницы,"улица Казыбек би, 96",,050012,,Алмалинский район,Алматы,,Алматы,Казахстан,Пн: 00:00-24:00; Вт: 00:00-24:00; Ср: 00:00-24:00; Чт: 00:00-24:00; Пт: 00:00-24:00; Сб: 00:00-24:00; Вс: 00:00-24:00,+05:00,,,87272923101 (приемная),87272924241 (приемная гл. врача),87273170169,,http://gbsnp.kz,https://instagram.com/almaty_qjskka,https://facebook.com/bsnp.kz,,,,,,43.25534,76.929167,https://2gis.com/firm/70000001088920596,branch
Городской кардиологический центр,рентгенологическое отделение,Больницы,"улица Толе би, 93",,050012,,Алмалинский район,Алматы,,Алматы,Казахстан,Пн: 08:00-16:30; Вт: 08:00-16:30; Ср: 08:00-16:30; Чт: 08:00-16:30; Пт: 08:00-16:30 (по предварительной записи),+05:00,,,87272250042 (доп.201),87272250042 (регистратура),87272797791 (регистратура ),,http://kardio-almaty.kz,,,https://wa.me/77085820717,,,,,43.253996,76.92809,https://2gis.com/firm/70000001029465706,branch
Городской кардиологический центр,отделение хронической кардиологической недостаточности,Больницы,"улица Толе би, 93",,050012,,Алмалинский район,Алматы,,Алматы,Казахстан,Пн: 08:00-16:30; Вт: 08:00-16:30; Ср: 08:00-16:30; Чт: 08:00-16:30; Пт: 08:00-16:30 (по предварительной записи),+05:00,1.5,2,87002444206 (регистратура),87272250042 (регистратура),87272797791 (регистратура ),,http://kardio-almaty.kz,,,https://wa.me/77085820717,,,,,43.253996,76.92809,https://2gis.com/firm/70000001029465077,branch
Центр детской неотложной медицинской помощи,приемное отделение,Больницы,"улица Манаса, 40",,050040,,Бостандыкский район,Алматы,,Алматы,Казахстан,Пн: 00:00-24:00; Вт: 00:00-24:00; Ср: 00:00-24:00; Чт: 00:00-24:00; Пт: 00:00-24:00; Сб: 00:00-24:00; Вс: 00:00-24:00,+05:00,3.5,20,87272744543,,,,,,,,,,,,43.231966,76.910775,https://2gis.com/firm/70000001029478222,branch
Городская больница скорой неотложной помощи,отделение нейрохирургии,Больницы,"улица Казыбек би, 96",,050012,,Алмалинский район,Алматы,,Алматы,Казахстан,Пн: 00:00-24:00; Вт: 00:00-24:00; Ср: 00:00-24:00; Чт: 00:00-24:00; Пт: 00:00-24:00; Сб: 00:00-24:00; Вс: 00:00-24:00,+05:00,,,87272923101 (приемная),87272924241 (приемная гл. врача),87273170169,,http://gbsnp.kz,https://instagram.com/almaty_qjskka,https://facebook.com/bsnp.kz,,,,,,43.25534,76.929167,https://2gis.com/firm/70000001088920419,branch
Городская больница скорой неотложной помощи,отделение функциональной диагностики,Больницы,"улица Казыбек би, 96",,050012,,Алмалинский район,Алматы,,Алматы,Казахстан,Пн: 00:00-24:00; Вт: 00:00-24:00; Ср: 00:00-24:00; Чт: 00:00-24:00; Пт: 00:00-24:00; Сб: 00:00-24:00; Вс: 00:00-24:00,+05:00,,,87272923101 (приемная),87272924241 (приемная гл. врача),87273170169,,http://gbsnp.kz,https://instagram.com/almaty_qjskka,https://facebook.com/bsnp.kz,,,,,,43.25534,76.929167,https://2gis.com/firm/70000001088920639,branch
Научный центр урологии им. академика Б.У. Джарбусынова,платное отделение,Больницы; Уролог; Терапевт; Невролог; Гинеколог; Медицинские анализы,"улица Басенова, 2в",,050060,,Бостандыкский район,Алматы,,Алматы,Казахстан,Пн: 09:00-16:00; Вт: 09:00-16:00; Ср: 09:00-16:00; Чт: 09:00-16:00; Пт: 09:00-16:00,+05:00,4.6,14,87272221515 (приемная),87272221616,87051345555,,http://ncu.kz,https://instagram.com/ncu.kz,https://facebook.com/ncu.kz,https://wa.me/77051345555,,viber://chat/?number=77051345555,,,43.220684,76.901164,https://2gis.com/firm/70000001089126760,branch
Городская клиническая больница №5,отделение реабилиталогии и восстановительного лечения,Больницы,"проспект Достык, 220/1",,050051,,Медеуский район,Алматы,,Алматы,Казахстан,Пн: 08:00-17:00; Вт: 08:00-17:00; Ср: 08:00-17:00; Чт: 08:00-17:00; Пт: 08:00-17:00,+05:00,5.0,1,87272647762,87272647554 (приемная гл. врача),87272647380 (лаборатория),,http://gkb5.kz,,,,,,,,43.22756,76.962623,https://2gis.com/firm/70000001083738881,branch
Городской кардиологический центр,кардиологическое реабилитационное отделение,Больницы,"улица Толе би, 93",,050012,,Алмалинский район,Алматы,,Алматы,Казахстан,Пн: 08:00-16:30; Вт: 08:00-16:30; Ср: 08:00-16:30; Чт: 08:00-16:30; Пт: 08:00-16:30 (по предварительной записи),+05:00,,,87272250422,87272250042 (регистратура),87272797791 (регистратура ),,http://kardio-almaty.kz,,,https://wa.me/77085820717,,,,,43.253996,76.92809,https://2gis.com/firm/70000001029465263,branch
Национальный госпиталь медицинского центра Управления делами Президента РК,эндоскопическое отделение,Больницы,"улица Панфилова, 139",,050000,,Алмалинский район,Алматы,,Алматы,Казахстан,Пн: 08:00-16:10; Вт: 08:00-16:10; Ср: 08:00-16:10; Чт: 08:00-16:10; Пт: 08:00-16:10,+05:00,,,87272619728,,,,,https://instagram.com/sovminka,https://facebook.com/sovminka,,,,,,43.247187,76.944594,https://2gis.com/firm/70000001029479009,branch
Национальный госпиталь медицинского центра Управления делами Президента РК,отделение экстракорпоральной гемокоррекции,Больницы,"улица Панфилова, 139",5 этаж,050000,,Алмалинский район,Алматы,,Алматы,Казахстан,Пн: 08:00-17:00; Вт: 08:00-17:00; Ср: 08:00-17:00; Чт: 08:00-17:00; Пт: 08:00-17:00,+05:00,,,87272619777,,,,,https://instagram.com/sovminka,https://facebook.com/sovminka,,,,,,43.247187,76.944594,https://2gis.com/firm/70000001029478788,branch
Детская городская клиническая инфекционная больница,отделение респираторных инфекций и заболеваний дыхательной системы,Больницы,"улица Байзакова, 299а","2, 3 этаж",050040,,Бостандыкский район,Алматы,,Алматы,Казахстан,Пн: 00:00-24:00; Вт: 00:00-24:00; Ср: 00:00-24:00; Чт: 00:00-24:00; Пт: 00:00-24:00; Сб: 00:00-24:00; Вс: 00:00-24:00,+05:00,4.6,20,87273948826 (отделение №5),87273948811 (отделение №11),,,http://dgkib.kz,,,,,,,,43.232418,76.913313,https://2gis.com/firm/70000001039766078,branch
Национальный госпиталь медицинского центра Управления делами Президента РК,кардиохирургическое отделение,Больницы,"улица Панфилова, 139",,050000,,Алмалинский район,Алматы,,Алматы,Казахстан,Пн: 08:00-16:00; Вт: 08:00-16:00; Ср: 08:00-16:00; Чт: 08:00-16:00; Пт: 08:00-16:00,+05:00,,,87273384310 (call-центр),,,,,https://instagram.com/sovminka,https://facebook.com/sovminka,,,,,,43.247187,76.944594,https://2gis.com/firm/70000001029478737,branch
Национальный госпиталь медицинского центра Управления делами Президента РК,офтальмологическое отделение,Больницы,"улица Панфилова, 139",,050000,,Алмалинский район,Алматы,,Алматы,Казахстан,Пн: 08:00-16:00; Вт: 08:00-16:00; Ср: 08:00-16:00; Чт: 08:00-16:00; Пт: 08:00-16:00,+05:00,,,87272619784,,,,,https://instagram.com/sovminka,https://facebook.com/sovminka,,,,,,43.247187,76.944594,https://2gis.com/firm/70000001029478816,branch
Детская городская клиническая инфекционная больница,отделение для детей до 3-х месяцев,Больницы,"улица Байзакова, 299а","1, 2 этаж",050040,,Бостандыкский район,Алматы,,Алматы,Казахстан,Пн: 00:00-24:00; Вт: 00:00-24:00; Ср: 00:00-24:00; Чт: 00:00-24:00; Пт: 00:00-24:00; Сб: 00:00-24:00; Вс: 00:00-24:00,+05:00,3.2,8,87273948810 (отделение №7),87273948808 (отделение №9),,,http://dgkib.kz,,,,,,,,43.232744,76.911996,https://2gis.com/firm/70000001039767774,branch
Городская клиническая больница №5,отделение детской челюстно-лицевой хирургии №2,Больницы,"проспект Достык, 220/1",,050051,,Медеуский район,Алматы,,Алматы,Казахстан,Пн: 00:00-24:00; Вт: 00:00-24:00; Ср: 00:00-24:00; Чт: 00:00-24:00; Пт: 00:00-24:00; Сб: 00:00-24:00; Вс: 00:00-24:00,+05:00,2.0,1,87272647762,87272647554 (приемная гл. врача),87272647380 (лаборатория),,http://gkb5.kz,,,,,,,,43.22756,76.962623,https://2gis.com/firm/70000001088955324,branch
Центр детской неотложной медицинской помощи,отделение нейрохирургии,Больницы,"улица Манаса, 40",,050040,,Бостандыкский район,Алматы,,Алматы,Казахстан,Пн: 00:00-24:00; Вт: 00:00-24:00; Ср: 00:00-24:00; Чт: 00:00-24:00; Пт: 00:00-24:00; Сб: 00:00-24:00; Вс: 00:00-24:00,+05:00,5.0,4,87272748131,,,,,,,,,,,,43.231966,76.910775,https://2gis.com/firm/70000001054583057,branch
Центр детской неотложной медицинской помощи,отделение микрохирургии глаза,Больницы,"улица Манаса, 40",,050040,,Бостандыкский район,Алматы,,Алматы,Казахстан,Пн: 00:00-24:00; Вт: 00:00-24:00; Ср: 00:00-24:00; Чт: 00:00-24:00; Пт: 00:00-24:00; Сб: 00:00-24:00; Вс: 00:00-24:00,+05:00,2.8,13,87272745700,,,,,,,,,,,,43.231966,76.910775,https://2gis.com/firm/70000001029478391,branch
Центральная городская клиническая больница,отделение урологии,Больницы,"улица Жандосова, 6",,050040,,Бостандыкский район,Алматы,,Алматы,Казахстан,Пн: 08:00-16:00; Вт: 08:00-16:00; Ср: 08:00-16:00; Чт: 08:00-16:00; Пт: 08:00-16:00,+05:00,,,,,,,,,,,,,,,43.235021,76.911255,https://2gis.com/firm/70000001089505406,branch
Детская городская клиническая инфекционная больница,клинико-диагностическое отделение,Больницы,"улица Байзакова, 299а",1 этаж,050040,,Бостандыкский район,Алматы,,Алматы,Казахстан,Пн: 00:00-24:00; Вт: 00:00-24:00; Ср: 00:00-24:00; Чт: 00:00-24:00; Пт: 00:00-24:00; Сб: 00:00-24:00; Вс: 00:00-24:00,+05:00,1.0,2,,,,,http://dgkib.kz,,,,,,,,43.232535,76.912593,https://2gis.com/firm/70000001039766834,branch
"Научный центр акушерства, гинекологии и перинатологии",клиника,Больницы; Медицинская диагностика,"проспект Достык, 125",,050020,,Медеуский район,Алматы,,Алматы,Казахстан,Пн: 08:30-17:00; Вт: 08:30-17:00; Ср: 08:30-17:00; Чт: 08:30-17:00; Пт: 08:30-17:00; Сб: 08:30-17:00; Вс: 08:30-17:00,+05:00,5.0,3,87273004571 (регистратура),87273004599 (единая справочная: пн-вс 9:00-17:00),,,,https://instagram.com/ncagip_kz,https://facebook.com/ncagip.kz,https://wa.me/77057542479,,,,,43.214758,76.964229,https://2gis.com/firm/70000001089221021,branch
Городской кардиологический центр,4-я кардиология,Больницы,"улица Толе би, 93",,050012,,Алмалинский район,Алматы,,Алматы,Казахстан,Пн: 08:00-16:30; Вт: 08:00-16:30; Ср: 08:00-16:30; Чт: 08:00-16:30; Пт: 08:00-16:30 (по предварительной записи),+05:00,5.0,1,87002444206 (регистратура),87272250042 (регистратура),87272797791 (регистратура ),,http://kardio-almaty.kz,,,https://wa.me/77085820717,,,,,43.253996,76.92809,https://2gis.com/firm/70000001029465186,branch
Детская городская клиническая инфекционная больница,,Больницы,"Ташкентский тракт, 541",,,Теректи м-н,Алатауский район,Алматы,,Алматы,Казахстан,"Пн: 08:00-13:00, 14:00-18:00; Вт: 08:00-13:00, 14:00-18:00; Ср: 08:00-13:00, 14:00-18:00; Чт: 08:00-13:00, 14:00-18:00; Пт: 08:00-13:00, 14:00-18:00; Сб: 08:00-15:00",+05:00,3.8,391,,,,,http://dgkib.kz,,,,,,,,43.233814,76.786857,https://2gis.com/firm/70000001047204547,branch
Городская больница скорой неотложной помощи,отделение травматологии и ортопедии,Больницы,"улица Казыбек би, 96",,050012,,Алмалинский район,Алматы,,Алматы,Казахстан,Пн: 00:00-24:00; Вт: 00:00-24:00; Ср: 00:00-24:00; Чт: 00:00-24:00; Пт: 00:00-24:00; Сб: 00:00-24:00; Вс: 00:00-24:00,+05:00,,,87272923101 (приемная),87272924241 (приемная гл. врача),87273170169,,http://gbsnp.kz,https://instagram.com/almaty_qjskka,https://facebook.com/bsnp.kz,,,,,,43.25534,76.929167,https://2gis.com/firm/70000001088920446,branch
Городской кардиологический центр,отделение эндоскопии и УЗИ,Больницы,"улица Толе би, 93",,050012,,Алмалинский район,Алматы,,Алматы,Казахстан,Пн: 08:00-16:30; Вт: 08:00-16:30; Ср: 08:00-16:30; Чт: 08:00-16:30; Пт: 08:00-16:30 (по предварительной записи),+05:00,4.0,1,87002444206 (регистратура),87272250042 (регистратура),87272797791 (регистратура ),,http://kardio-almaty.kz,,,https://wa.me/77085820717,,,,,43.253996,76.92809,https://2gis.com/firm/70000001029465591,branch
Городская клиническая инфекционная больница им.И.Жекеновой,,Больницы,"улица Дегдар, 10/2",,050030,,Турксибский район,Алматы,,Алматы,Казахстан,Пн: 08:00-17:00; Вт: 08:00-17:00; Ср: 08:00-17:00; Чт: 08:00-17:00; Пт: 08:00-17:00,+05:00,4.2,656,87273382299 (единый call-центр),,,,http://www.gkib.kz,,,,,,,,43.394091,76.987083,https://2gis.com/firm/70000001047416617,branch
Алматинская многопрофильная клиническая больница,приемный покой,Больницы,"улица Демченко, 83",,050019,,Медеуский район,Алматы,,Алматы,Казахстан,Пн: 00:00-24:00; Вт: 00:00-24:00; Ср: 00:00-24:00; Чт: 00:00-24:00; Пт: 00:00-24:00; Сб: 00:00-24:00; Вс: 00:00-24:00,+05:00,1.0,3,87272394920,,,,http://amkb.kz,https://instagram.com/almobl_amkb,https://facebook.com/amkb.pr,https://wa.me/77078069496,,,,,43.283256,76.989869,https://2gis.com/firm/70000001088941268,branch
Городская больница скорой неотложной помощи,платное отделение,Больницы; Нейрохирург; Гинеколог; Хирург; Проктолог; Терапевт; Кардиолог; Невролог; Гастроэнтеролог; Уролог; Травматолог-ортопед; Ангиохирург; Эндокринолог,"улица Казыбек би, 96",,050012,,Алмалинский район,Алматы,,Алматы,Казахстан,Пн: 00:00-24:00; Вт: 00:00-24:00; Ср: 00:00-24:00; Чт: 00:00-24:00; Пт: 00:00-24:00; Сб: 00:00-24:00; Вс: 00:00-24:00,+05:00,,,87081811528 (справочная: пн-пт 8:00-17:00),87272924241 (приемная гл. врача),87273170169,,http://gbsnp.kz,https://instagram.com/gbsnp_almaty,https://facebook.com/bsnp.kz,https://wa.me/77081811528,,,,,43.25534,76.929167,https://2gis.com/firm/70000001088945683,branch
Алматинская многопрофильная клиническая больница,хирургическое отделение,Больницы,"улица Демченко, 83",,050019,,Медеуский район,Алматы,,Алматы,Казахстан,Пн: 09:00-17:00; Вт: 09:00-17:00; Ср: 09:00-17:00; Чт: 09:00-17:00; Пт: 09:00-17:00,+05:00,,,87272394920,,,,http://amkb.kz,https://instagram.com/almobl_amkb,https://facebook.com/amkb.pr,https://wa.me/77078069496,,,,,43.283256,76.989869,https://2gis.com/firm/70000001088775279,branch
Городская больница скорой неотложной помощи,инсультный центр,Больницы,"улица Казыбек би, 96",,050012,,Алмалинский район,Алматы,,Алматы,Казахстан,Пн: 00:00-24:00; Вт: 00:00-24:00; Ср: 00:00-24:00; Чт: 00:00-24:00; Пт: 00:00-24:00; Сб: 00:00-24:00; Вс: 00:00-24:00,+05:00,,,87272923101 (приемная),87272924241 (приемная гл. врача),87273170169,,http://gbsnp.kz,https://instagram.com/almaty_qjskka,https://facebook.com/bsnp.kz,,,,,,43.25534,76.929167,https://2gis.com/firm/70000001088920614,branch
Городская клиническая больница №5,детское ЛОР отделение,Больницы,"проспект Достык, 220/1",,050051,,Медеуский район,Алматы,,Алматы,Казахстан,Пн: 00:00-24:00; Вт: 00:00-24:00; Ср: 00:00-24:00; Чт: 00:00-24:00; Пт: 00:00-24:00; Сб: 00:00-24:00; Вс: 00:00-24:00,+05:00,,,87272647762,87272647554 (приемная гл. врача),87272647380 (лаборатория),,http://gkb5.kz,,,,,,,,43.22756,76.962623,https://2gis.com/firm/70000001088955233,branch
Детская клиническая инфекционная больница,,Больницы,"улица Бауыржана Момышулы, 1/55 к1",,,,Алатауский район,Алматы,,Алматы,Казахстан,Пн: 08:00-18:00; Вт: 08:00-18:00; Ср: 08:00-18:00; Чт: 08:00-18:00; Пт: 08:00-18:00,+05:00,3.6,173,,,,,http://www.gkib.kz,,,,,,,,43.299823,76.817502,https://2gis.com/firm/70000001043616281,branch
Cardios,кардиологический центр,Больницы; Кардиолог; Медицинская диагностика,"Беремжанова улица, 1а",,050052,Таугуль-3 м-н,Ауэзовский район,Алматы,,Алматы,Казахстан,Пн: 09:00-18:00; Вт: 09:00-18:00; Ср: 09:00-18:00; Чт: 09:00-18:00; Пт: 09:00-18:00; Сб: 09:00-18:00 (по предварительной записи: пн-сб),+05:00,4.6,131,87006757951,,,cardiosalmaty@gmail.com,http://cardios.kz,https://instagram.com/cardios.kz,https://facebook.com/Cardios-475584212880167/notifications,https://wa.me/77006757951,,,,,43.201013,76.847126,https://2gis.com/firm/70000001054701668,branch
Городская клиническая больница №1,,Больницы,"улица Ашимова, 2",,050006,Калкаман м-н,Наурызбайский район,Алматы,,Алматы,Казахстан,"Пн: 08:00-13:00, 14:00-17:00; Вт: 08:00-13:00, 14:00-17:00; Ср: 08:00-13:00, 14:00-17:00; Чт: 08:00-13:00, 14:00-17:00; Пт: 08:00-13:00, 14:00-17:00",+05:00,4.0,240,87272709040 (приемная),87272708733 (единая справочная: пн-пт),87272708734 (единая справочная: пн-пт),,http://pervaya.kz,https://instagram.com/bolnica_1,,,,,,,43.229474,76.801547,https://2gis.com/firm/9429940000794521,branch
Областная детская клиническая больница,ГУ УЗ Алматинской области,Больницы,"улица 10 лет Независимости, 35",,040700,Куат м-н,,,Илийский район,Алматинская область,Казахстан,"Пн: 08:30-13:00, 14:00-17:30; Вт: 08:30-13:00, 14:00-17:30; Ср: 08:30-13:00, 14:00-17:30; Чт: 08:30-13:00, 14:00-17:30; Пт: 08:30-13:00, 14:00-17:30",+05:00,2.1,130,87275220288 (регистратура),87272517483,87084571414 (регистратура),,,,https://facebook.com/ardkb.kz,https://wa.me/77084571313,,,,,43.416814,77.029219,https://2gis.com/firm/70000001018883133,branch
Аксай,Республиканская детская клиническая больница,Больницы,"улица Таутаган, 2",,,Тастыбулак м-н,Наурызбайский район,Алматы,,Алматы,Казахстан,Пн: 08:00-16:00; Вт: 08:00-16:00; Ср: 08:00-16:00; Чт: 08:00-16:00; Пт: 08:00-16:00,+05:00,3.0,104,87273721030 (регистратура),87273721091 (приемный покой),87273721360,,,,,https://wa.me/77711402880,,,,,43.180495,76.81397,https://2gis.com/firm/9429940001263906,branch
Городская клиническая больница №5,второе ЛОР отделение,Больницы,"проспект Достык, 220/1",,050051,,Медеуский район,Алматы,,Алматы,Казахстан,Пн: 00:00-24:00; Вт: 00:00-24:00; Ср: 00:00-24:00; Чт: 00:00-24:00; Пт: 00:00-24:00; Сб: 00:00-24:00; Вс: 00:00-24:00,+05:00,,,87272647292,87272647554 (приемная гл. врача),87272647380 (лаборатория),,http://gkb5.kz,,,,,,,,43.22756,76.962623,https://2gis.com/firm/70000001088955196,branch
Городская клиническая больница №4,приемное отделение,Больницы,"улица Папанина, 220",,050054,,Турксибский район,Алматы,,Алматы,Казахстан,Пн: 08:00-17:00; Вт: 08:00-17:00; Ср: 08:00-17:00; Чт: 08:00-17:00; Пт: 08:00-17:00; Сб: 08:00-17:00,+05:00,5.0,1,87273003703,"87086516201 (доп.02, служба поддержки пациентов)",,,http://gkb4-almaty.kz/,https://instagram.com/gkb_4_almaty,https://facebook.com/klinika4,https://wa.me/77086516202,,,,,43.319085,76.962666,https://2gis.com/firm/70000001088951454,branch
Городская клиническая больница №1,администрация,Больницы,"микрорайон Калкаман, 2а",,050006,Калкаман м-н,Наурызбайский район,Алматы,,Алматы,Казахстан,"Пн: 08:00-13:00, 14:00-17:00; Вт: 08:00-13:00, 14:00-17:00; Ср: 08:00-13:00, 14:00-17:00; Чт: 08:00-13:00, 14:00-17:00; Пт: 08:00-13:00, 14:00-17:00",+05:00,3.7,39,87273122466 (единая справочная: пн-вс),87272708733 (единая справочная: пн-пт),87272708734 (единая справочная: пн-пт),,,,,,,,,,43.228941,76.802356,https://2gis.com/firm/9429940001407731,branch
Городская клиническая больница №5,диагностическое отделение,Больницы,"проспект Достык, 220/1",,050051,,Медеуский район,Алматы,,Алматы,Казахстан,Пн: 08:00-17:00; Вт: 08:00-17:00; Ср: 08:00-17:00; Чт: 08:00-17:00; Пт: 08:00-17:00,+05:00,,,87272647762,87272647554 (приемная гл. врача),87272647380 (лаборатория),,http://gkb5.kz,,,,,,,,43.22756,76.962623,https://2gis.com/firm/70000001088954728,branch
Илийская центральная районная больница,,Больницы,"улица Титова, 30",,040700,,,,Илийский район,Алматинская область,Казахстан,Пн: 08:00-20:00; Вт: 08:00-20:00; Ср: 08:00-20:00; Чт: 08:00-20:00; Пт: 08:00-20:00; Сб: 08:00-14:00,+05:00,3.4,470,87272517033 (приемная),87273880210 (бухгалтерия),87275220236 (регистратура),,,,,,,,,,43.425679,77.02159,https://2gis.com/firm/9429940000970954,branch
Сункар,медицинские центры,Больницы; Многопрофильные медицинские центры; Медицинские анализы; Медицинская диагностика; Детские врачи; Кардиолог; Ведение беременности; Процедурный кабинет; Невролог; Терапевт; Уролог; Гинеколог; ЛОР (отоларинголог); Эндокринолог; Хирург; Маммолог; Офтальмолог; Ревматолог; Аллерголог / иммунолог; Гастроэнтеролог; Нефролог; Онколог,"шоссе Северное Кольцо, 99/4",,050014,,Жетысуский район,Алматы,,Алматы,Казахстан,Пн: 08:00-17:00; Вт: 08:00-17:00; Ср: 08:00-17:00; Чт: 08:00-17:00; Пт: 08:00-17:00,+05:00,1.0,7,87712143000,87018795004 (единая справочная: пн-вс 8:00-20:00),87018795007 (единая справочная: пн-вс 8:00-20:00),,http://www.densaulyk.kz,https://instagram.com/suncar.kz,https://facebook.com/suncarkz,https://wa.me/77012777777,,,,https://youtube.com/@SUNCARTV,43.326951,76.90946,https://2gis.com/firm/70000001080573640,branch
Алматинская многопрофильная клиническая больница,отделение сердечно-сосудистой хирургии,Больницы,"улица Демченко, 83",,050019,,Медеуский район,Алматы,,Алматы,Казахстан,Пн: 09:00-17:00; Вт: 09:00-17:00; Ср: 09:00-17:00; Чт: 09:00-17:00; Пт: 09:00-17:00,+05:00,,,87272394920,,,,http://amkb.kz,https://instagram.com/almobl_amkb,https://facebook.com/amkb.pr,https://wa.me/77078069496,,,,,43.283256,76.989869,https://2gis.com/firm/70000001088941133,branch
Городская клиническая больница №7,платное отделение,Больницы; Терапевт; Нейрохирург; Физиотерапевт; Медицинские анализы; Медицинская диагностика; Офтальмолог; Челюстно-лицевой хирург; Медицинские комиссии; Уролог; Гинеколог; Нефролог; Гематолог; Эндокринолог; Проведение хирургических операций,"микрорайон Калкаман, 20",,050006,Калкаман м-н,Наурызбайский район,Алматы,,Алматы,Казахстан,Пн: 08:00-18:00; Вт: 08:00-20:00; Ср: 08:00-20:00; Чт: 08:00-20:00; Пт: 08:00-20:00; Сб: 08:00-20:00,+05:00,,,87273410666 (контакт-центр),87272708687 (приемный покой),87272708614 (приемный покой),,http://www.gkb7.kz,https://instagram.com/gkb7almaty,,,,,,,43.232767,76.799731,https://2gis.com/firm/70000001088976054,branch
Алматинская многопрофильная клиническая больница,отделение патологий новорожденных выхаживания недоношенных детей,Больницы,"улица Демченко, 83",,050019,,Медеуский район,Алматы,,Алматы,Казахстан,Пн: 09:00-17:00; Вт: 09:00-17:00; Ср: 09:00-17:00; Чт: 09:00-17:00; Пт: 09:00-17:00,+05:00,5.0,2,87272394920,,,,http://amkb.kz,https://instagram.com/almobl_amkb,https://facebook.com/amkb.pr,https://wa.me/77078069496,,,,,43.283256,76.989869,https://2gis.com/firm/70000001088941003,branch
Городской кардиологический центр,отделение анестезиологии и реанимации для кардиохирургических больных,Больницы,"улица Толе би, 93",,050012,,Алмалинский район,Алматы,,Алматы,Казахстан,Пн: 08:00-16:30; Вт: 08:00-16:30; Ср: 08:00-16:30; Чт: 08:00-16:30; Пт: 08:00-16:30 (по предварительной записи),+05:00,,,87002444206 (регистратура),87272250042 (регистратура),87272797791 (регистратура ),,http://kardio-almaty.kz,,,https://wa.me/77085820717,,,,,43.253996,76.92809,https://2gis.com/firm/70000001029465447,branch
Алматинская многопрофильная клиническая больница,неврологическое отделение с инсультным центром,Больницы,"улица Демченко, 83",,050019,,Медеуский район,Алматы,,Алматы,Казахстан,Пн: 09:00-17:00; Вт: 09:00-17:00; Ср: 09:00-17:00; Чт: 09:00-17:00; Пт: 09:00-17:00,+05:00,,,87272394920,,,,http://amkb.kz,https://instagram.com/almobl_amkb,https://facebook.com/amkb.pr,https://wa.me/77078069496,,,,,43.283256,76.989869,https://2gis.com/firm/70000001088941208,branch
Алматинская многопрофильная клиническая больница,отделение восстановительного лечения и медицинской реабилитации,Больницы,"улица Демченко, 83",,050019,,Медеуский район,Алматы,,Алматы,Казахстан,Пн: 09:00-17:00; Вт: 09:00-17:00; Ср: 09:00-17:00; Чт: 09:00-17:00; Пт: 09:00-17:00,+05:00,,,87272394920,,,,http://amkb.kz,https://instagram.com/almobl_amkb,https://facebook.com/amkb.pr,https://wa.me/77078069496,,,,,43.283256,76.989869,https://2gis.com/firm/70000001088942051,branch
Сельская больница пос. Панфилов,,Больницы,"Кульджинский тракт, 77",,,,,,Талгарский район,Алматинская область,Казахстан,"Пн: 08:00-13:00, 14:00-16:00; Вт: 08:00-13:00, 14:00-16:00; Ср: 08:00-13:00, 14:00-16:00; Чт: 08:00-13:00, 14:00-16:00; Пт: 08:00-13:00, 14:00-16:00; Сб: 08:00-12:00",+05:00,5.0,1,87277453269,87277439205,87277420586,,,,,,,,,,43.390259,77.124916,https://2gis.com/firm/70000001066571605,branch
Городской кардиологический центр,отделение функциональной диагностики,Больницы,"улица Толе би, 93",,050012,,Алмалинский район,Алматы,,Алматы,Казахстан,Пн: 08:00-16:30; Вт: 08:00-16:30; Ср: 08:00-16:30; Чт: 08:00-16:30; Пт: 08:00-16:30 (по предварительной записи),+05:00,,,87002444206 (регистратура),87272250042 (регистратура),87272797791 (регистратура ),,http://kardio-almaty.kz,,,https://wa.me/77085820717,,,,,43.253996,76.92809,https://2gis.com/firm/70000001029465639,branch
Алматинская многопрофильная клиническая больница,отделение челюстно-лицевой хирургии,Больницы,"улица Демченко, 83",,050019,,Медеуский район,Алматы,,Алматы,Казахстан,Пн: 09:00-17:00; Вт: 09:00-17:00; Ср: 09:00-17:00; Чт: 09:00-17:00; Пт: 09:00-17:00,+05:00,,,87272394920,,,,http://amkb.kz,https://instagram.com/almobl_amkb,https://facebook.com/amkb.pr,https://wa.me/77078069496,,,,,43.283256,76.989869,https://2gis.com/firm/70000001088938385,branch
Алматинская многопрофильная клиническая больница,платное отделение,Больницы; Уролог; Офтальмолог; ЛОР (отоларинголог); Гинеколог; Хирург; Травматолог-ортопед; Невролог; Нейрохирург; Гастроэнтеролог; Терапевт; Челюстно-лицевой хирург; Кардиолог; Ангиохирург; Нефролог; Эндокринолог; Ревматолог; Инфекционист; Генетик; Пульмонолог; Детские врачи; Гематолог; Аллерголог / иммунолог; Проктолог; Медицинские анализы; Медицинская диагностика,"улица Демченко, 83",,050019,,Медеуский район,Алматы,,Алматы,Казахстан,Пн: 09:00-17:00; Вт: 09:00-17:00; Ср: 09:00-17:00; Чт: 09:00-17:00; Пт: 09:00-17:00,+05:00,,,87272394920,,,,http://amkb.kz,https://instagram.com/almobl_amkb,https://facebook.com/amkb.pr,https://wa.me/77078069496,,,,,43.283256,76.989869,https://2gis.com/firm/70000001088945172,branch
Городская клиническая больница №4,отделение хирургии,Больницы,"улица Папанина, 220",,050054,,Турксибский район,Алматы,,Алматы,Казахстан,Пн: 08:00-17:00; Вт: 08:00-17:00; Ср: 08:00-17:00; Чт: 08:00-17:00; Пт: 08:00-17:00; Сб: 08:00-17:00,+05:00,5.0,1,87273003642 (справочная),"87086516201 (доп.02, служба поддержки пациентов)",,,http://gkb4-almaty.kz/,https://instagram.com/gkb_4_almaty,https://facebook.com/klinika4,https://wa.me/77086516202,,,,,43.319085,76.962666,https://2gis.com/firm/70000001088951516,branch
Алматинская многопрофильная клиническая больница,нейрохирургическое отделение,Больницы,"улица Демченко, 83",,050019,,Медеуский район,Алматы,,Алматы,Казахстан,Пн: 09:00-17:00; Вт: 09:00-17:00; Ср: 09:00-17:00; Чт: 09:00-17:00; Пт: 09:00-17:00,+05:00,,,87272394920,,,,http://amkb.kz,https://instagram.com/almobl_amkb,https://facebook.com/amkb.pr,https://wa.me/77078069496,,,,,43.283256,76.989869,https://2gis.com/firm/70000001088938526,branch
Городская клиническая больница №7,консультативно-реабилитационное отделение,Больницы,"микрорайон Калкаман, 20",,050006,Калкаман м-н,Наурызбайский район,Алматы,,Алматы,Казахстан,Пн: 08:00-15:45; Вт: 08:00-15:45; Ср: 08:00-15:45; Чт: 08:00-15:45; Пт: 08:00-15:45,+05:00,3.2,46,87273410666 (контакт-центр),87272708687 (приемный покой),87272708614 (приемный покой),,http://www.gkb7.kz,https://instagram.com/reabilitaciya_gkb7,,https://wa.me/77763311805,,,,,43.232767,76.799731,https://2gis.com/firm/70000001057157941,branch
Городская клиническая больница №4,отделение гинекологии,Больницы,"улица Папанина, 220",,050054,,Турксибский район,Алматы,,Алматы,Казахстан,Пн: 08:00-17:00; Вт: 08:00-17:00; Ср: 08:00-17:00; Чт: 08:00-17:00; Пт: 08:00-17:00; Сб: 08:00-17:00,+05:00,,,87273003681,"87086516201 (доп.02, служба поддержки пациентов)",,,http://gkb4-almaty.kz/,https://instagram.com/gkb_4_almaty,https://facebook.com/klinika4,https://wa.me/77086516202,,,,,43.319085,76.962666,https://2gis.com/firm/70000001088953102,branch
Городская клиническая больница №7,приемный покой,Больницы,"микрорайон Калкаман, 20",,050006,Калкаман м-н,Наурызбайский район,Алматы,,Алматы,Казахстан,Пн: 00:00-24:00; Вт: 00:00-24:00; Ср: 00:00-24:00; Чт: 00:00-24:00; Пт: 00:00-24:00; Сб: 00:00-24:00; Вс: 00:00-24:00,+05:00,1.0,2,87273410666 (контакт-центр),87272708687 (приемный покой),87272708614 (приемный покой),,http://www.gkb7.kz,https://instagram.com/gkb7almaty,,,,,,,43.232592,76.798812,https://2gis.com/firm/70000001088976347,branch
Алматинская многопрофильная клиническая больница,травматологическое отделение,Больницы,"улица Демченко, 83",,050019,,Медеуский район,Алматы,,Алматы,Казахстан,Пн: 09:00-17:00; Вт: 09:00-17:00; Ср: 09:00-17:00; Чт: 09:00-17:00; Пт: 09:00-17:00,+05:00,,,87272394920,,,,http://amkb.kz,https://instagram.com/almobl_amkb,https://facebook.com/amkb.pr,https://wa.me/77078069496,,,,,43.283256,76.989869,https://2gis.com/firm/70000001088938432,branch
Городская клиническая больница №4,ожоговое отделение,Больницы,"улица Папанина, 220",,050054,,Турксибский район,Алматы,,Алматы,Казахстан,Пн: 08:00-17:00; Вт: 08:00-17:00; Ср: 08:00-17:00; Чт: 08:00-17:00; Пт: 08:00-17:00; Сб: 08:00-17:00,+05:00,,,87273003642 (справочная),"87086516201 (доп.02, служба поддержки пациентов)",,,http://gkb4-almaty.kz/,https://instagram.com/gkb_4_almaty,https://facebook.com/klinika4,https://wa.me/77086516202,,,,,43.319085,76.962666,https://2gis.com/firm/70000001088953129,branch
Алматинская многопрофильная клиническая больница,кардиологическое отделение,Больницы,"улица Демченко, 83",,050019,,Медеуский район,Алматы,,Алматы,Казахстан,Пн: 09:00-17:00; Вт: 09:00-17:00; Ср: 09:00-17:00; Чт: 09:00-17:00; Пт: 09:00-17:00,+05:00,,,87272394920,,,,http://amkb.kz,https://instagram.com/almobl_amkb,https://facebook.com/amkb.pr,https://wa.me/77078069496,,,,,43.283256,76.989869,https://2gis.com/firm/70000001088941064,branch
Алматинская многопрофильная клиническая больница,офтальмологическое отделение,Больницы,"улица Демченко, 83",,050019,,Медеуский район,Алматы,,Алматы,Казахстан,Пн: 09:00-17:00; Вт: 09:00-17:00; Ср: 09:00-17:00; Чт: 09:00-17:00; Пт: 09:00-17:00,+05:00,,,87272394920,,,,http://amkb.kz,https://instagram.com/almobl_amkb,https://facebook.com/amkb.pr,https://wa.me/77078069496,,,,,43.283256,76.989869,https://2gis.com/firm/70000001088938591,branch
Городская клиническая больница №4,неврологическое отделение с инсультным центром,Больницы,"улица Папанина, 220",,050054,,Турксибский район,Алматы,,Алматы,Казахстан,Пн: 08:00-17:00; Вт: 08:00-17:00; Ср: 08:00-17:00; Чт: 08:00-17:00; Пт: 08:00-17:00; Сб: 08:00-17:00,+05:00,,,87273003642 (справочная),"87086516201 (доп.02, служба поддержки пациентов)",,,http://gkb4-almaty.kz/,https://instagram.com/gkb_4_almaty,https://facebook.com/klinika4,https://wa.me/77086516202,,,,,43.319085,76.962666,https://2gis.com/firm/70000001088951523,branch
Центр детской неотложной медицинской помощи,отделение урологии,Больницы,"улица Манаса, 40",,050040,,Бостандыкский район,Алматы,,Алматы,Казахстан,Пн: 00:00-24:00; Вт: 00:00-24:00; Ср: 00:00-24:00; Чт: 00:00-24:00; Пт: 00:00-24:00; Сб: 00:00-24:00; Вс: 00:00-24:00,+05:00,3.0,2,87273948601,,,,,,,,,,,,43.231966,76.910775,https://2gis.com/firm/70000001041234996,branch
Городская больница скорой неотложной помощи,дневной стационар,Больницы,"улица Казыбек би, 96",,050012,,Алмалинский район,Алматы,,Алматы,Казахстан,Пн: 00:00-24:00; Вт: 00:00-24:00; Ср: 00:00-24:00; Чт: 00:00-24:00; Пт: 00:00-24:00; Сб: 00:00-24:00; Вс: 00:00-24:00,+05:00,,,87272923101 (приемная),87272924241 (приемная гл. врача),87273170169,,http://gbsnp.kz,https://instagram.com/almaty_qjskka,https://facebook.com/bsnp.kz,,,,,,43.25534,76.929167,https://2gis.com/firm/70000001088920674,branch
Городская больница скорой неотложной помощи,клинико-диагностическая лаборатория,Больницы,"улица Казыбек би, 96",,050012,,Алмалинский район,Алматы,,Алматы,Казахстан,Пн: 00:00-24:00; Вт: 00:00-24:00; Ср: 00:00-24:00; Чт: 00:00-24:00; Пт: 00:00-24:00; Сб: 00:00-24:00; Вс: 00:00-24:00,+05:00,,,87272923101 (приемная),87272924241 (приемная гл. врача),87273170169,,http://gbsnp.kz,https://instagram.com/almaty_qjskka,https://facebook.com/bsnp.kz,,,,,,43.25534,76.929167,https://2gis.com/firm/70000001088920679,branch
Центр детской неотложной медицинской помощи,отделение патологии новорожденных детей,Больницы,"улица Манаса, 40",,050040,,Бостандыкский район,Алматы,,Алматы,Казахстан,Пн: 00:00-24:00; Вт: 00:00-24:00; Ср: 00:00-24:00; Чт: 00:00-24:00; Пт: 00:00-24:00; Сб: 00:00-24:00; Вс: 00:00-24:00,+05:00,5.0,2,87272751114,,,,,,,,,,,,43.231966,76.910775,https://2gis.com/firm/70000001029478366,branch
Алматинская многопрофильная клиническая больница,дневной стационар,Больницы,"улица Демченко, 83",,050019,,Медеуский район,Алматы,,Алматы,Казахстан,Пн: 09:00-17:00; Вт: 09:00-17:00; Ср: 09:00-17:00; Чт: 09:00-17:00; Пт: 09:00-17:00,+05:00,,,87272394920,,,,http://amkb.kz,https://instagram.com/almobl_amkb,https://facebook.com/amkb.pr,https://wa.me/77078069496,,,,,43.283256,76.989869,https://2gis.com/firm/70000001088941745,branch
Городская клиническая больница №4,отделение рентген-эндоваскулярной хирургии и кардиологии,Больницы,"улица Папанина, 220",,050054,,Турксибский район,Алматы,,Алматы,Казахстан,Пн: 08:00-17:00; Вт: 08:00-17:00; Ср: 08:00-17:00; Чт: 08:00-17:00; Пт: 08:00-17:00; Сб: 08:00-17:00,+05:00,,,87273003642 (справочная),"87086516201 (доп.02, служба поддержки пациентов)",,,http://gkb4-almaty.kz/,https://instagram.com/gkb_4_almaty,https://facebook.com/klinika4,https://wa.me/77086516202,,,,,43.319085,76.962666,https://2gis.com/firm/70000001088951480,branch
Городская клиническая больница №1,приемное отделение,Больницы,"улица Ашимова, 2",,050006,Калкаман м-н,Наурызбайский район,Алматы,,Алматы,Казахстан,Пн: 00:00-24:00; Вт: 00:00-24:00; Ср: 00:00-24:00; Чт: 00:00-24:00; Пт: 00:00-24:00; Сб: 00:00-24:00; Вс: 00:00-24:00,+05:00,5.0,1,87273122466 (единая справочная: пн-вс),87272708733 (единая справочная: пн-пт),87272708734 (единая справочная: пн-пт),,,,,,,,,,43.229333,76.802042,https://2gis.com/firm/70000001088948962,branch
Сельская больница пос. Боралдай,,Больницы,"улица Азербаева, 1а",,040708,Водник 1 м-н,,,Илийский район,Алматинская область,Казахстан,Пн: 08:00-18:00; Вт: 08:00-18:00; Ср: 08:00-18:00; Чт: 08:00-18:00; Пт: 08:00-18:00,+05:00,1.8,88,87275233010 (приемная),87273877418 (приемная),87273877106 (регистратура),,http://rb-boralday.kz,https://instagram.com/rb_boralday,https://facebook.com/rb.boralday.kz,,,,,,43.367996,76.853502,https://2gis.com/firm/9429940000961579,branch
Городская клиническая больница №4,отделение лучевой диагностики,Больницы,"улица Папанина, 220",,050054,,Турксибский район,Алматы,,Алматы,Казахстан,Пн: 08:00-17:00; Вт: 08:00-17:00; Ср: 08:00-17:00; Чт: 08:00-17:00; Пт: 08:00-17:00; Сб: 08:00-17:00,+05:00,,,87273003642 (справочная),"87086516201 (доп.02, служба поддержки пациентов)",,,http://gkb4-almaty.kz/,https://instagram.com/gkb_4_almaty,https://facebook.com/klinika4,https://wa.me/77086516202,,,,,43.319085,76.962666,https://2gis.com/firm/70000001088951494,branch
Городская клиническая больница №4,"отделение анестезиологии, реанимации и интенсивной терапии",Больницы,"улица Папанина, 220",,050054,,Турксибский район,Алматы,,Алматы,Казахстан,Пн: 08:00-17:00; Вт: 08:00-17:00; Ср: 08:00-17:00; Чт: 08:00-17:00; Пт: 08:00-17:00; Сб: 08:00-17:00,+05:00,,,87273003642 (справочная),"87086516201 (доп.02, служба поддержки пациентов)",,,http://gkb4-almaty.kz/,https://instagram.com/gkb_4_almaty,https://facebook.com/klinika4,https://wa.me/77086516202,,,,,43.319085,76.962666,https://2gis.com/firm/70000001088952773,branch
Городская клиническая больница №4,отделение терапии,Больницы,"улица Папанина, 220",,050054,,Турксибский район,Алматы,,Алматы,Казахстан,Пн: 08:00-17:00; Вт: 08:00-17:00; Ср: 08:00-17:00; Чт: 08:00-17:00; Пт: 08:00-17:00; Сб: 08:00-17:00,+05:00,,,87273003642 (справочная),"87086516201 (доп.02, служба поддержки пациентов)",,,http://gkb4-almaty.kz/,https://instagram.com/gkb_4_almaty,https://facebook.com/klinika4,https://wa.me/77086516202,,,,,43.319085,76.962666,https://2gis.com/firm/70000001088953037,branch
Городская клиническая больница №4,отделение эндопротезирования,Больницы,"улица Папанина, 220",,050054,,Турксибский район,Алматы,,Алматы,Казахстан,Пн: 08:00-17:00; Вт: 08:00-17:00; Ср: 08:00-17:00; Чт: 08:00-17:00; Пт: 08:00-17:00; Сб: 08:00-17:00,+05:00,,,87273003642 (справочная),"87086516201 (доп.02, служба поддержки пациентов)",,,http://gkb4-almaty.kz/,https://instagram.com/gkb_4_almaty,https://facebook.com/klinika4,https://wa.me/77086516202,,,,,43.319085,76.962666,https://2gis.com/firm/70000001088953066,branch
Алматинская многопрофильная клиническая больница,операционное отделение,Больницы,"улица Демченко, 83",,050019,,Медеуский район,Алматы,,Алматы,Казахстан,Пн: 09:00-17:00; Вт: 09:00-17:00; Ср: 09:00-17:00; Чт: 09:00-17:00; Пт: 09:00-17:00,+05:00,,,87272394920,,,,http://amkb.kz,https://instagram.com/almobl_amkb,https://facebook.com/amkb.pr,https://wa.me/77078069496,,,,,43.283256,76.989869,https://2gis.com/firm/70000001088938556,branch
Алматинская многопрофильная клиническая больница,отделение анестезиологии и реанимации,Больницы,"улица Демченко, 83",,050019,,Медеуский район,Алматы,,Алматы,Казахстан,Пн: 09:00-17:00; Вт: 09:00-17:00; Ср: 09:00-17:00; Чт: 09:00-17:00; Пт: 09:00-17:00,+05:00,,,87272394920,,,,http://amkb.kz,https://instagram.com/almobl_amkb,https://facebook.com/amkb.pr,https://wa.me/77078069496,,,,,43.283256,76.989869,https://2gis.com/firm/70000001088940765,branch
Алматинская многопрофильная клиническая больница,отделение трансфузиологии,Больницы,"улица Демченко, 83",,050019,,Медеуский район,Алматы,,Алматы,Казахстан,Пн: 09:00-17:00; Вт: 09:00-17:00; Ср: 09:00-17:00; Чт: 09:00-17:00; Пт: 09:00-17:00,+05:00,,,87272394920,,,,http://amkb.kz,https://instagram.com/almobl_amkb,https://facebook.com/amkb.pr,https://wa.me/77078069496,,,,,43.283256,76.989869,https://2gis.com/firm/70000001088940900,branch
Каскеленская Городская Инфекционная Больница,,Больницы,"улица Гоголя, 1",,,,,Каскелен,Карасайский район,Алматинская область,Казахстан,Пн: 00:00-24:00; Вт: 00:00-24:00; Ср: 00:00-24:00; Чт: 00:00-24:00; Пт: 00:00-24:00; Сб: 00:00-24:00; Вс: 00:00-24:00,+05:00,2.9,23,,,,,,,,,,,,,43.197167,76.626214,https://2gis.com/firm/70000001044256002,branch
Городская больница Алатау,дневной стационар,Больницы,"улица Жетбаева, 28/1",,,Алатау м-н,Медеуский район,Алматы,,Алматы,Казахстан,Пн: 08:00-18:00; Вт: 08:00-18:00; Ср: 08:00-18:00; Чт: 08:00-18:00; Пт: 08:00-18:00; Сб: 09:00-13:00,+05:00,1.3,10,87273865303 (приемная),87273865203,,,,,,,,,,,43.362163,77.138945,https://2gis.com/firm/9429940000794513,branch
Городская клиническая больница №4,отделение осложненной травмы и гнойной хирургии,Больницы,"улица Папанина, 220",,050054,,Турксибский район,Алматы,,Алматы,Казахстан,Пн: 08:00-17:00; Вт: 08:00-17:00; Ср: 08:00-17:00; Чт: 08:00-17:00; Пт: 08:00-17:00; Сб: 08:00-17:00,+05:00,,,87273003642 (справочная),"87086516201 (доп.02, служба поддержки пациентов)",,,http://gkb4-almaty.kz/,https://instagram.com/gkb_4_almaty,https://facebook.com/klinika4,https://wa.me/77086516202,,,,,43.319085,76.962666,https://2gis.com/firm/70000001088952925,branch
Городская клиническая больница №4,,Больницы; Гинеколог; Физиотерапевт; Психотерапевт; Кардиолог; Эндокринолог; Терапевт; Психолог; Хирург; Травматолог-ортопед; Уролог; Дерматолог; Офтальмолог; Невролог; ЛОР (отоларинголог); Нейрохирург; Медицинские комиссии,"улица Папанина, 220",,050054,,Турксибский район,Алматы,,Алматы,Казахстан,Пн: 08:00-17:00; Вт: 08:00-17:00; Ср: 08:00-17:00; Чт: 08:00-17:00; Пт: 08:00-17:00; Сб: 08:00-17:00,+05:00,,,87273003642 (справочная),"87086516201 (доп.02, служба поддержки пациентов)",,,http://gkb4-almaty.kz/,https://instagram.com/gkb_4_almaty,https://facebook.com/klinika4,https://wa.me/77086516202,,,,,43.319085,76.962666,https://2gis.com/firm/70000001088953290,branch
Городская больница Алатау,,Больницы,"улица Жетбаева, 28",,,Алатау м-н,Медеуский район,Алматы,,Алматы,Казахстан,Пн: 08:00-20:00; Вт: 08:00-20:00; Ср: 08:00-20:00; Чт: 08:00-20:00; Пт: 08:00-20:00; Сб: 09:00-13:00,+05:00,3.7,34,87273865303 (приемная),87273865203,,,,,,,,,,,43.362943,77.139931,https://2gis.com/firm/70000001042204622,branch
Городская клиническая больница №7,терапевтическое отделение,Больницы,"микрорайон Калкаман, 20",,050006,Калкаман м-н,Наурызбайский район,Алматы,,Алматы,Казахстан,Пн: 08:00-18:00; Вт: 08:00-20:00; Ср: 08:00-20:00; Чт: 08:00-20:00; Пт: 08:00-20:00; Сб: 08:00-20:00,+05:00,,,87273410666 (контакт-центр),87272708687 (приемный покой),87272708614 (приемный покой),,http://www.gkb7.kz,https://instagram.com/gkb7almaty,,,,,,,43.232767,76.799731,https://2gis.com/firm/70000001088976082,branch
Городская клиническая больница №1,отделение кардиореабилитации,Больницы,"улица Ашимова, 2",,050006,Калкаман м-н,Наурызбайский район,Алматы,,Алматы,Казахстан,"Пн: 08:00-13:00, 14:00-17:00; Вт: 08:00-13:00, 14:00-17:00; Ср: 08:00-13:00, 14:00-17:00; Чт: 08:00-13:00, 14:00-17:00; Пт: 08:00-13:00, 14:00-17:00",+05:00,,,87273122466 (единая справочная: пн-вс),87272708733 (единая справочная: пн-пт),87272708734 (единая справочная: пн-пт),,,,,,,,,,43.229333,76.802042,https://2gis.com/firm/70000001088946825,branch
Городская клиническая больница №7,урологическое отделение,Больницы,"микрорайон Калкаман, 20",,050006,Калкаман м-н,Наурызбайский район,Алматы,,Алматы,Казахстан,Пн: 08:00-18:00; Вт: 08:00-20:00; Ср: 08:00-20:00; Чт: 08:00-20:00; Пт: 08:00-20:00; Сб: 08:00-20:00,+05:00,,,87273410666 (контакт-центр),87272708687 (приемный покой),87272708614 (приемный покой),,http://www.gkb7.kz,https://instagram.com/gkb7almaty,,,,,,,43.232592,76.798812,https://2gis.com/firm/70000001088976637,branch
Городская клиническая больница №7,гинекологическое отделение №2,Больницы,"микрорайон Калкаман, 20",,050006,Калкаман м-н,Наурызбайский район,Алматы,,Алматы,Казахстан,Пн: 08:00-18:00; Вт: 08:00-20:00; Ср: 08:00-20:00; Чт: 08:00-20:00; Пт: 08:00-20:00; Сб: 08:00-20:00,+05:00,,,87273410666 (контакт-центр),87272708687 (приемный покой),87272708614 (приемный покой),,http://www.gkb7.kz,https://instagram.com/gkb7almaty,,,,,,,43.232592,76.798812,https://2gis.com/firm/70000001088976706,branch
Городская клиническая больница №7,отделение радиологии,Больницы,"микрорайон Калкаман, 20",,050006,Калкаман м-н,Наурызбайский район,Алматы,,Алматы,Казахстан,Пн: 08:00-18:00; Вт: 08:00-20:00; Ср: 08:00-20:00; Чт: 08:00-20:00; Пт: 08:00-20:00; Сб: 08:00-20:00,+05:00,5.0,1,87273410666 (контакт-центр),87272708687 (приемный покой),87272708614 (приемный покой),,http://www.gkb7.kz,https://instagram.com/gkb7almaty,,,,,,,43.232592,76.798812,https://2gis.com/firm/70000001088976209,branch
Городская клиническая больница №7,кабинет функциональной диагностики,Больницы,"микрорайон Калкаман, 20",,050006,Калкаман м-н,Наурызбайский район,Алматы,,Алматы,Казахстан,Пн: 08:00-18:00; Вт: 08:00-20:00; Ср: 08:00-20:00; Чт: 08:00-20:00; Пт: 08:00-20:00; Сб: 08:00-20:00,+05:00,,,87273410666 (контакт-центр),87272708687 (приемный покой),87272708614 (приемный покой),,http://www.gkb7.kz,https://instagram.com/gkb7almaty,,,,,,,43.232767,76.799731,https://2gis.com/firm/70000001088976041,branch
Городская клиническая больница №1,центр торакальной хирургии,Больницы,"улица Ашимова, 2",,050006,Калкаман м-н,Наурызбайский район,Алматы,,Алматы,Казахстан,"Пн: 08:00-13:00, 14:00-17:00; Вт: 08:00-13:00, 14:00-17:00; Ср: 08:00-13:00, 14:00-17:00; Чт: 08:00-13:00, 14:00-17:00; Пт: 08:00-13:00, 14:00-17:00",+05:00,,,87273122466 (единая справочная: пн-вс),87272708733 (единая справочная: пн-пт),87272708734 (единая справочная: пн-пт),,,,,,,,,,43.229333,76.802042,https://2gis.com/firm/70000001088946975,branch
Карасайская Центральная районная больница,туберкулезное отделение,Больницы,"улица Наурызбай батыра, 21а",,,,,Каскелен,Карасайский район,Алматинская область,Казахстан,"Пн: 08:00-13:00, 14:00-16:00; Вт: 08:00-13:00, 14:00-16:00; Ср: 08:00-13:00, 14:00-16:00; Чт: 08:00-13:00, 14:00-16:00; Пт: 08:00-13:00, 14:00-16:00 (по предварительной записи)",+05:00,,,87277139031,87273608958,,,,,,,,,,,43.206958,76.638379,https://2gis.com/firm/70000001044531122,branch
Городская клиническая больница №1,отделение многопрофильной хирургии,Больницы,"улица Ашимова, 2",,050006,Калкаман м-н,Наурызбайский район,Алматы,,Алматы,Казахстан,"Пн: 08:00-13:00, 14:00-17:00; Вт: 08:00-13:00, 14:00-17:00; Ср: 08:00-13:00, 14:00-17:00; Чт: 08:00-13:00, 14:00-17:00; Пт: 08:00-13:00, 14:00-17:00",+05:00,,,87273122466 (единая справочная: пн-вс),87272708733 (единая справочная: пн-пт),87272708734 (единая справочная: пн-пт),,,,,,,,,,43.229333,76.802042,https://2gis.com/firm/70000001088946845,branch
Алматинская многопрофильная клиническая больница,отделение рентген-ангио-хирургических методов диагностики и лечения,Больницы,"улица Демченко, 83",,050019,,Медеуский район,Алматы,,Алматы,Казахстан,Пн: 09:00-17:00; Вт: 09:00-17:00; Ср: 09:00-17:00; Чт: 09:00-17:00; Пт: 09:00-17:00,+05:00,,,87272394920,,,,http://amkb.kz,https://instagram.com/almobl_amkb,https://facebook.com/amkb.pr,https://wa.me/77078069496,,,,,43.283256,76.989869,https://2gis.com/firm/70000001088940859,branch
Алматинская многопрофильная клиническая больница,клинико-диагностическое отделение,Больницы,"улица Демченко, 83",,050019,,Медеуский район,Алматы,,Алматы,Казахстан,Пн: 09:00-17:00; Вт: 09:00-17:00; Ср: 09:00-17:00; Чт: 09:00-17:00; Пт: 09:00-17:00,+05:00,,,87272394920,,,,http://amkb.kz,https://instagram.com/almobl_amkb,https://facebook.com/amkb.pr,https://wa.me/77078069496,,,,,43.283256,76.989869,https://2gis.com/firm/70000001088941248,branch
Алматинская многопрофильная клиническая больница,"отделение лучевой, ультразвуковой, функциональной диагностики",Больницы,"улица Демченко, 83",,050019,,Медеуский район,Алматы,,Алматы,Казахстан,Пн: 09:00-17:00; Вт: 09:00-17:00; Ср: 09:00-17:00; Чт: 09:00-17:00; Пт: 09:00-17:00,+05:00,,,87272394920,,,,http://amkb.kz,https://instagram.com/almobl_amkb,https://facebook.com/amkb.pr,https://wa.me/77078069496,,,,,43.283256,76.989869,https://2gis.com/firm/70000001088941449,branch
Qazpost,​медицинский центр,Больницы; Медицинская диагностика,"улица Отарбаева, 1Б",,,,,,Илийский район,Алматинская область,Казахстан,Пн: 09:00-18:00; Вт: 09:00-18:00; Ср: 09:00-18:00; Чт: 09:00-18:00; Пт: 09:00-18:00,+05:00,,,,,,,,https://instagram.com/qazpoct.qaraoy,,,,,,,43.518403,76.821287,https://2gis.com/firm/70000001082649819,branch
Алматинская многопрофильная клиническая больница,отделение реанимации новорожденных,Больницы,"улица Демченко, 83",,050019,,Медеуский район,Алматы,,Алматы,Казахстан,Пн: 09:00-17:00; Вт: 09:00-17:00; Ср: 09:00-17:00; Чт: 09:00-17:00; Пт: 09:00-17:00,+05:00,,,87272394920,,,,http://amkb.kz,https://instagram.com/almobl_amkb,https://facebook.com/amkb.pr,https://wa.me/77078069496,,,,,43.283256,76.989869,https://2gis.com/firm/70000001088940949,branch
Жaмбылская центральная районная поликлиника,,Больницы; Роддома,"улица Жанакурлыс, 48",,,,,,Жамбылский район,Алматинская область,Казахстан,Пн: 08:00-20:00; Вт: 08:00-20:00; Ср: 08:00-20:00; Чт: 08:00-20:00; Пт: 08:00-20:00,+05:00,2.3,5,87277027989,,,,,,,,,,,,43.203248,76.340045,https://2gis.com/firm/70000001089500375,branch
Енбекшиказахская многопрофильная межрайонная больница,,Больницы,"улица Абая, 336",,,,,Есик,Енбекшиказахский район,Алматинская область,Казахстан,"Пн: 08:00-13:00, 14:00-18:00; Вт: 08:00-13:00, 14:00-18:00; Ср: 08:00-13:00, 14:00-18:00; Чт: 08:00-13:00, 14:00-18:00; Пт: 08:00-13:00, 14:00-18:00",+05:00,1.8,40,87277573202,87277573256 (регистратура),,,http://enkazmmb.kz,,,,,,,,43.37732,77.448411,https://2gis.com/firm/70000001049856848,branch
Городская клиническая больница №7,отделение колопроктологии,Больницы,"микрорайон Калкаман, 20",,050006,Калкаман м-н,Наурызбайский район,Алматы,,Алматы,Казахстан,Пн: 08:00-18:00; Вт: 08:00-20:00; Ср: 08:00-20:00; Чт: 08:00-20:00; Пт: 08:00-20:00; Сб: 08:00-20:00,+05:00,,,87273410666 (контакт-центр),87272708687 (приемный покой),87272708614 (приемный покой),,http://www.gkb7.kz,https://instagram.com/gkb7almaty,,,,,,,43.232592,76.798812,https://2gis.com/firm/70000001088976527,branch
Городская клиническая больница №7,отделение хирургических инфекций,Больницы,"микрорайон Калкаман, 20",,050006,Калкаман м-н,Наурызбайский район,Алматы,,Алматы,Казахстан,Пн: 08:00-18:00; Вт: 08:00-20:00; Ср: 08:00-20:00; Чт: 08:00-20:00; Пт: 08:00-20:00; Сб: 08:00-20:00,+05:00,,,87273410666 (контакт-центр),87272708687 (приемный покой),87272708614 (приемный покой),,http://www.gkb7.kz,https://instagram.com/gkb7almaty,,,,,,,43.232592,76.798812,https://2gis.com/firm/70000001088976614,branch
Городская клиническая больница №7,физиотерапевтическое отделение,Больницы,"микрорайон Калкаман, 20",,050006,Калкаман м-н,Наурызбайский район,Алматы,,Алматы,Казахстан,Пн: 08:00-18:00; Вт: 08:00-20:00; Ср: 08:00-20:00; Чт: 08:00-20:00; Пт: 08:00-20:00; Сб: 08:00-20:00,+05:00,,,87273410666 (контакт-центр),87272708687 (приемный покой),87272708614 (приемный покой),,http://www.gkb7.kz,https://instagram.com/gkb7almaty,,,,,,,43.232767,76.799731,https://2gis.com/firm/70000001088976013,branch
Городская клиническая больница №7,операционное отделение,Больницы,"микрорайон Калкаман, 20",,050006,Калкаман м-н,Наурызбайский район,Алматы,,Алматы,Казахстан,Пн: 08:00-18:00; Вт: 08:00-20:00; Ср: 08:00-20:00; Чт: 08:00-20:00; Пт: 08:00-20:00; Сб: 08:00-20:00,+05:00,,,87273410666 (контакт-центр),87272708687 (приемный покой),87272708614 (приемный покой),,http://www.gkb7.kz,https://instagram.com/gkb7almaty,,,,,,,43.232592,76.798812,https://2gis.com/firm/70000001088976282,branch
Городская больница Конаев,физиотерапевтическое отделение,Больницы,"5-й микрорайон, 5а",,,5 м-н,,Конаев,Конаев городская администрация,Алматинская область,Казахстан,Пн: 08:00-20:00; Вт: 08:00-20:00; Ср: 08:00-20:00; Чт: 08:00-20:00; Пт: 08:00-20:00; Сб: 08:00-20:00,+05:00,,,87277232000 (единый номер регистратуры),87277241196 (Приемная директора ),87277242270 (приемный покой),,http://kapgb.kz,https://instagram.com/auruhana_kapshagai,,,,,,,43.846101,77.056606,https://2gis.com/firm/70000001088909150,branch
Городская больница Конаев,хирургическое отделение,Больницы,"5-й микрорайон, 5а",,,5 м-н,,Конаев,Конаев городская администрация,Алматинская область,Казахстан,Пн: 08:00-20:00; Вт: 08:00-20:00; Ср: 08:00-20:00; Чт: 08:00-20:00; Пт: 08:00-20:00; Сб: 08:00-20:00,+05:00,,,87277232000 (единый номер регистратуры),87277241196 (Приемная директора ),87277242270 (приемный покой),,http://kapgb.kz,https://instagram.com/auruhana_kapshagai,,,,,,,43.846101,77.056606,https://2gis.com/firm/70000001088909205,branch
Городская больница Конаев,платное отделение,Больницы; Медицинская диагностика; Травматолог-ортопед; Невролог; Хирург; Гинеколог; Эндокринолог; ЛОР (отоларинголог); Офтальмолог; Детские врачи; Инфекционист,"5-й микрорайон, 5а",,,5 м-н,,Конаев,Конаев городская администрация,Алматинская область,Казахстан,Пн: 08:00-20:00; Вт: 08:00-20:00; Ср: 08:00-20:00; Чт: 08:00-20:00; Пт: 08:00-20:00; Сб: 08:00-20:00,+05:00,1.0,1,87277232000 (единый номер регистратуры),87277241196 (Приемная директора ),87277242270 (приемный покой),,http://kapgb.kz,https://instagram.com/auruhana_kapshagai,,,,,,,43.846101,77.056606,https://2gis.com/firm/70000001088910439,branch
Городская клиническая больница №1,физиотерапевтическое отделение,Больницы,"улица Ашимова, 2",,050006,Калкаман м-н,Наурызбайский район,Алматы,,Алматы,Казахстан,"Пн: 08:00-13:00, 14:00-17:00; Вт: 08:00-13:00, 14:00-17:00; Ср: 08:00-13:00, 14:00-17:00; Чт: 08:00-13:00, 14:00-17:00; Пт: 08:00-13:00, 14:00-17:00",+05:00,,,87273122466 (единая справочная: пн-вс),87272708733 (единая справочная: пн-пт),87272708734 (единая справочная: пн-пт),,,,,,,,,,43.229333,76.802042,https://2gis.com/firm/70000001088949034,branch
