Наименование,Описание,Рубрики,Адрес,Комментарий к адресу,Почтовый индекс,Микрорайон,Район,Город,Округ,Регион,Страна,Часы работы,Часовой пояс,Рейтинг,Количество отзывов,Телефон 1,Телефон 2,Телефон 3,Веб-сайт 1,Веб-сайт 2,Instagram,Facebook,ВКонтакте,WhatsApp 1,WhatsApp 2,Широта,Долгота,2GIS URL,Тип
Достар Мед,поликлиника,Взрослые поликлиники,"улица Байкадамова, 5",1 этаж,050060,,Бостандыкский район,Алматы,,Алматы,Казахстан,Пн: 08:00-18:00; Вт: 08:00-18:00; Ср: 08:00-18:00; Чт: 08:00-18:00; Пт: 08:00-18:00,+05:00,3.9,1579,87273440363 (поликлиника ),87003440303 (поликлиника),87089112630 (медицинский центр и платное отделение),http://dostarmed.kz,,https://instagram.com/dostarmed.almaty,,,https://wa.me/77014433444,,43.214273,76.896541,https://2gis.com/firm/9429940000838653,branch
Городская поликлиника №8,,Взрослые поликлиники; Детские поликлиники,"улица Туркебаева, 40",1 этаж,050009,Тастак-3 м-н,Алмалинский район,Алматы,,Алматы,Казахстан,Пн: 08:00-20:00; Вт: 08:00-20:00; Ср: 08:00-20:00; Чт: 08:00-20:00; Пт: 08:00-20:00; Сб: 09:00-14:00,+05:00,2.9,459,87273912831 (горячая линия: пн-пт 8:00-20:00; сб 9:00-14:00),87273741068,87273741069,http://gp8.kz,,https://instagram.com/polik8.almaty,,,,,43.252789,76.878876,https://2gis.com/firm/9429940000794545,branch
Асмед-2,поликлиника,Взрослые поликлиники; Детские поликлиники,"улица Тургут Озала, 103",1 этаж,050009,,Алмалинский район,Алматы,,Алматы,Казахстан,"Пн: 08:00-13:00, 14:00-18:00; Вт: 08:00-13:00, 14:00-18:00; Ср: 08:00-13:00, 14:00-18:00; Чт: 08:00-13:00, 14:00-18:00; Пт: 08:00-13:00, 14:00-17:00; Сб: 09:00-16:00",+05:00,3.3,912,87273906232,87273902922,87273902926,http://asmed.kz,,https://instagram.com/asmed2_medical_center,,,https://wa.me/77478194188,,43.249024,76.880579,https://2gis.com/firm/70000001029007376,branch
Городская поликлиника №16,,Взрослые поликлиники; Детские поликлиники,"12-й микрорайон, 19",,050036,12-й м-н,Ауэзовский район,Алматы,,Алматы,Казахстан,Пн: 08:00-20:00; Вт: 08:00-20:00; Ср: 08:00-20:00; Чт: 08:00-20:00; Пт: 08:00-20:00; Сб: 09:00-15:00; Вс: 09:00-15:00,+05:00,3.7,732,87273032495 (служба поддержки пациента  ),87272220009,,http://www.gp16.kz,,https://instagram.com/almaty_gp16,https://facebook.com/GP16Almaty,,,,43.220474,76.86514,https://2gis.com/firm/9429940000794534,branch
Городская поликлиника №3,,Взрослые поликлиники,"улица Розыбакиева, 74",,050009,,Алмалинский район,Алматы,,Алматы,Казахстан,Пн: 08:00-20:00; Вт: 08:00-20:00; Ср: 08:00-20:00; Чт: 08:00-20:00; Пт: 08:00-20:00; Сб: 09:00-16:00 (дежурный врач: сб 9:00-16:00),+05:00,3.4,738,87273102403 (регистратура и справочная),87273108243 (контакт-центр для жалоб),87273103403 (приемная директора),http://gorp3.kz,,https://instagram.com/gorp_3,https://facebook.com/gorp3,,https://wa.me/77089703356,https://wa.me/77003901518,43.243686,76.889919,https://2gis.com/firm/9429940000843668,branch
Городская поликлиника №6,,Взрослые поликлиники; Детские поликлиники,"4-й микрорайон, 3а",,050062,4-й м-н,Ауэзовский район,Алматы,,Алматы,Казахстан,Пн: 08:00-20:00; Вт: 08:00-20:00; Ср: 08:00-20:00; Чт: 08:00-20:00; Пт: 08:00-20:00; Сб: 09:00-14:00 (регистратура: пн-пт 8:00-18:00),+05:00,1.9,401,87272760909 (регистратура),87272269057 (регистратура),87272760404 (регистратура),http://gp6.kz,,https://instagram.com/gp6almaty,https://facebook.com/gp6.kz,,,,43.228219,76.859039,https://2gis.com/firm/9429940000794544,branch
Городская поликлиника №4,,Взрослые поликлиники; Медицинская диагностика,"улица Торайгырова, 12а",,050043,Орбита-3 м-н,Бостандыкский район,Алматы,,Алматы,Казахстан,Пн: 08:00-20:00; Вт: 08:00-20:00; Ср: 08:00-20:00; Чт: 08:00-20:00; Пт: 08:00-20:00; Сб: 09:00-15:00,+05:00,2.8,573,87273100004,,,http://4gp.kz,http://jivo.chat/H7UbxAj9W2,,,,,,43.201732,76.876723,https://2gis.com/firm/9429940000794542,branch
Городская поликлиника №17,,Взрослые поликлиники; Детские поликлиники,"улица Басенова, 2",,050060,,Бостандыкский район,Алматы,,Алматы,Казахстан,Пн: 08:00-20:00; Вт: 08:00-20:00; Ср: 08:00-20:00; Чт: 08:00-20:00; Пт: 08:00-20:00; Сб: 08:00-18:00,+05:00,4.6,1908,87273910291 (горячая линия: пн-пт 8:00-20:00; сб 8:00-16:00),87273107517,,http://gp17.kz,,https://instagram.com/gp17.kz,,,https://wa.me/77003910291,,43.221576,76.897397,https://2gis.com/firm/9429940000794535,branch
Городская поликлиника №5,,Взрослые поликлиники; Детские поликлиники,"улица Макатаева, 141",,050026,,Алмалинский район,Алматы,,Алматы,Казахстан,Пн: 08:00-20:00; Вт: 08:00-20:00; Ср: 08:00-20:00; Чт: 08:00-20:00; Пт: 08:00-20:00; Сб: 09:00-14:00,+05:00,2.8,475,87273449804 (контакт-центр: пн-пт 8:00-20:00; сб 9:00-16:00),87272333961 (приемная директора),87272536445 (гепатологический центр),,,https://instagram.com/gp5_almaty,,,,,43.262456,76.91521,https://2gis.com/firm/9429940000794543,branch
Городская поликлиника №10,,Взрослые поликлиники; Детские поликлиники,"микрорайон Аксай-4, 17",1 этаж,050063,Аксай-4 м-н,Ауэзовский район,Алматы,,Алматы,Казахстан,Пн: 08:00-20:00; Вт: 08:00-20:00; Ср: 08:00-20:00; Чт: 08:00-20:00; Пт: 08:00-20:00; Сб: 09:00-16:00; Вс: 09:00-14:00,+05:00,2.8,494,87272220210 (контакт-центр),,,http://gp10almaty.kz,,,https://facebook.com/www.gp10almaty.kz,,,,43.231996,76.835773,https://2gis.com/firm/9429940000794527,branch
КГП на ПХВ Центр ПМСП Медеуского района,,Взрослые поликлиники; Детские поликлиники,"улица Калдаякова, 74",,050010,,Медеуский район,Алматы,,Алматы,Казахстан,Пн: 08:00-20:00; Вт: 08:00-20:00; Ср: 08:00-20:00; Чт: 08:00-20:00; Пт: 08:00-20:00; Сб: 09:00-17:00; Вс: 09:00-17:00,+05:00,3.2,200,87272362448 (служба поддержки пациента и внутреннего аудита),87076232361 (служба поддержки пациента и внутреннего аудита),87787463371 (запись на прием и вызов врача на дом),http://pmsp-medeu.kz,,https://instagram.com/centrepmspmr.kz,https://facebook.com/centrepmspmr.kz,,https://wa.me/77076232361,,43.252272,76.95951,https://2gis.com/firm/9429940000794519,branch
Городская поликлиника №15,,Взрослые поликлиники; Детские поликлиники,"улица Жайдарман, 17 к В",,050063,Достык м-н,Ауэзовский район,Алматы,,Алматы,Казахстан,Пн: 08:00-20:00; Вт: 08:00-20:00; Ср: 08:00-20:00; Чт: 08:00-20:00; Пт: 08:00-20:00; Сб: 09:00-14:00,+05:00,4.1,548,87272208591 (контакт-центр),87272563925 (женская консультация ),,http://gp15.kz,,https://instagram.com/gp15_almaty,https://facebook.com/gp15Almaty,,https://wa.me/77089706237,,43.224619,76.827408,https://2gis.com/firm/9429940001043345,branch
Городская поликлиника №36,,Взрослые поликлиники; Детские поликлиники,"микрорайон Шугыла, 340а",,,Шугыла м-н,Наурызбайский район,Алматы,,Алматы,Казахстан,Пн: 08:00-20:00; Вт: 08:00-20:00; Ср: 08:00-20:00; Чт: 08:00-20:00; Пт: 08:00-20:00,+05:00,2.2,737,87273053643 (контакт-центр: пн-пт 8:00-20:00; сб 9:00-16:00),,,http://gp36.kz,,https://instagram.com/almaty_gp36,https://facebook.com/m.facebook.com/Gp36Almaty,https://vk.com/gkpnaphv_gp36,,,43.214429,76.791018,https://2gis.com/firm/70000001028535077,branch
Рахат,поликлиника,Взрослые поликлиники,"Жетысу-3 микрорайон, 2а",,050063,Жетысу-3 м-н,Ауэзовский район,Алматы,,Алматы,Казахстан,Пн: 08:00-18:00; Вт: 08:00-18:00; Ср: 08:00-18:00; Чт: 08:00-18:00; Пт: 08:00-18:00; Сб: 09:00-13:00,+05:00,1.0,8,87273767827,87002872070,,,,,,,,,43.218242,76.840874,https://2gis.com/firm/70000001080555970,branch
Городская поликлиника №35,,Взрослые поликлиники; Детские поликлиники,"микрорайон Калкаман, 20/1",,050006,Калкаман м-н,Наурызбайский район,Алматы,,Алматы,Казахстан,"Пн: 08:00-20:00; Вт: 08:00-20:00; Ср: 08:00-20:00; Чт: 08:00-20:00; Пт: 08:00-20:00; Сб: 08:00-16:00 (администрация: пн-пт 8:00-18:00, перерыв: 13:00-14:00; дежурный врач: сб 9:00-14:00)",+05:00,2.3,286,87272466125 (регистратура детской поликлиники),87273098332 (приемная),87272476031 (регистратура взрослой поликлиники),,,,,,,,43.232268,76.79809,https://2gis.com/firm/70000001028641406,branch
Городская поликлиника №18,,Взрослые поликлиники; Детские поликлиники,"улица Ыкылас, 1г",,050052,Таугуль м-н,Ауэзовский район,Алматы,,Алматы,Казахстан,Пн: 08:00-20:00; Вт: 08:00-20:00; Ср: 08:00-20:00; Чт: 08:00-20:00; Пт: 08:00-20:00; Сб: 08:00-16:00,+05:00,3.0,90,87272936829 (регистратура),87272936662 (регистратура),,http://gkkp18.kz,,https://instagram.com/emhana_18almaty,https://facebook.com/gp18almaty,,,,43.20467,76.848828,https://2gis.com/firm/9429940000932321,branch
Городская поликлиника №26,,Взрослые поликлиники,"улица Грозы, 102",,050067,Таусамалы м-н,Наурызбайский район,Алматы,,Алматы,Казахстан,Пн: 08:00-20:00; Вт: 08:00-20:00; Ср: 08:00-20:00; Чт: 08:00-20:00; Пт: 08:00-20:00; Сб: 09:00-18:00,+05:00,3.3,389,87272970023 (приемная: пн-пт 8:00-17:00),87272970153 (регистратура: пн-пт 8:00-20:00),87272970535 (регистратура: пн-пт 8:00-20:00),http://gp26.kz,,,,,,,43.190122,76.832657,https://2gis.com/firm/9429940001269243,branch
Городская поликлиника №29,,Взрослые поликлиники; Детские поликлиники,"микрорайон Зердели, 371/3",,050038,Зерделі м-н,Алатауский район,Алматы,,Алматы,Казахстан,Пн: 08:00-20:00; Вт: 08:00-20:00; Ср: 08:00-20:00; Чт: 08:00-20:00; Пт: 08:00-20:00; Сб: 08:00-16:00; Вс: 08:00-16:00,+05:00,3.3,920,87074499692,,,http://gp29.kz,,,,,https://wa.me/77476401129,,43.281245,76.824874,https://2gis.com/firm/70000001020918852,branch
Городская поликлиника №14,,Взрослые поликлиники; Детские поликлиники,"улица Бенберина, 22",,050047,Айгерим-1 м-н,Алатауский район,Алматы,,Алматы,Казахстан,Пн: 08:00-20:00; Вт: 08:00-20:00; Ср: 08:00-20:00; Чт: 08:00-20:00; Пт: 08:00-20:00; Сб: 08:00-16:00 (дежурный врач: сб 9:00-13:00),+05:00,3.8,337,87272976095 (приемная),87272976927 (регистратура),87272976794,http://gp14.kz,,,,,,,43.2746,76.843268,https://2gis.com/firm/70000001025940170,branch
Городская поликлиника №27,,Взрослые поликлиники,"улица Даулеткерея, 140",,050027,Акжар м-н,Наурызбайский район,Алматы,,Алматы,Казахстан,Пн: 08:00-20:00; Вт: 08:00-20:00; Ср: 08:00-20:00; Чт: 08:00-20:00; Пт: 08:00-20:00 (дежурный врач: сб 9:00-16:00),+05:00,2.6,133,87273720042 (регистратура),87273720017 (регистратура),87089712419 (служба поддержки пациентов),http://gp27.kz,,https://instagram.com/gp27_almatynauryzbai,,,https://wa.me/77089712419,,43.186306,76.806207,https://2gis.com/firm/70000001021829824,branch
Городская поликлиника №16,центр реабилитации и восстановительного лечения,Взрослые поликлиники; Детские поликлиники,"12-й микрорайон, 22/2",1 этаж,050035,12-й м-н,Ауэзовский район,Алматы,,Алматы,Казахстан,Пн: 08:00-15:40; Вт: 08:00-15:40; Ср: 08:00-15:40; Чт: 08:00-15:40; Пт: 08:00-15:40,+05:00,4.9,17,87272659622,87272220009,,http://www.gp16.kz,,https://instagram.com/almaty_gp16,https://facebook.com/GP16Almaty,,,,43.221135,76.866756,https://2gis.com/firm/70000001060588909,branch
Центр ПМСП Алмалинского района,,Взрослые поликлиники; Детские поликлиники,"улица Толе би, 157",1 этаж,050026,,Алмалинский район,Алматы,,Алматы,Казахстан,Пн: 08:00-20:00; Вт: 08:00-20:00; Ср: 08:00-20:00; Чт: 08:00-20:00; Пт: 08:00-20:00; Сб: 09:00-14:00,+05:00,3.1,229,87780037015 (регистратура),,,http://pmsp-almaly.kz,,,,,,,43.252745,76.910405,https://2gis.com/firm/9429940000794517,branch
Поликлиника №55,,Взрослые поликлиники; Детские поликлиники,"микрорайон Аксай 1А, 1",,050031,Аксай-1а м-н,Ауэзовский район,Алматы,,Алматы,Казахстан,Пн: 08:00-18:00; Вт: 08:00-18:00; Ср: 08:00-18:00; Чт: 08:00-18:00; Пт: 08:00-18:00,+05:00,2.6,77,87018795083,87018795000,,,,,,,,,43.23973,76.823598,https://2gis.com/firm/70000001060664942,branch
Городская поликлиника №17,реабилитационный кабинет,Взрослые поликлиники; Детские поликлиники,"проспект Гагарина, 165",,050060,,Бостандыкский район,Алматы,,Алматы,Казахстан,Пн: 08:00-20:00; Вт: 08:00-20:00; Ср: 08:00-20:00; Чт: 08:00-20:00; Пт: 08:00-20:00; Сб: 08:00-16:00,+05:00,3.8,25,87273910291 (горячая линия: пн-пт 8:00-20:00; сб 8:00-16:00),87273107517,,http://gp17.kz,,,,,,,43.219345,76.89694,https://2gis.com/firm/70000001033477113,branch
Городская поликлиника №3,платное отделение,Взрослые поликлиники; Терапевт; Офтальмолог; ЛОР (отоларинголог); Гинеколог; Гастроэнтеролог; Эндокринолог; Психолог; Уролог; Проктолог; Медицинская диагностика; Проведение хирургических операций,"улица Розыбакиева, 74",,050009,,Алмалинский район,Алматы,,Алматы,Казахстан,Пн: 08:00-20:00; Вт: 08:00-20:00; Ср: 08:00-20:00; Чт: 08:00-20:00; Пт: 08:00-20:00; Сб: 09:00-16:00 (дежурный врач: сб 9:00-16:00),+05:00,5.0,1,,,,,,,,,,,43.243699,76.889835,https://2gis.com/firm/70000001089094205,branch
Городская поликлиника №8,платное отделение,Взрослые поликлиники; Логопед; Терапевт; Физиотерапевт; Хирург; Офтальмолог; Невролог; ЛОР (отоларинголог); Детские врачи,"улица Туркебаева, 40",,050009,Тастак-3 м-н,Алмалинский район,Алматы,,Алматы,Казахстан,Пн: 08:00-20:00; Вт: 08:00-20:00; Ср: 08:00-20:00; Чт: 08:00-20:00; Пт: 08:00-20:00; Сб: 09:00-14:00,+05:00,,,87273912831 (горячая линия: пн-пт 8:00-20:00; сб 9:00-14:00),87273741068,87273741069,http://gp8.kz,,https://instagram.com/polik8.almaty,,,,,43.252745,76.878803,https://2gis.com/firm/70000001089093683,branch
Городская поликлиника №15,платное отделение,Взрослые поликлиники; Невролог; Терапевт; Кардиолог; Эндокринолог; Травматолог-ортопед; Дерматолог; Офтальмолог; Хирург,"улица Жайдарман, 17 к В",,050063,Достык м-н,Ауэзовский район,Алматы,,Алматы,Казахстан,Пн: 08:00-20:00; Вт: 08:00-20:00; Ср: 08:00-20:00; Чт: 08:00-20:00; Пт: 08:00-20:00; Сб: 09:00-14:00,+05:00,3.0,2,87272208591 (контакт-центр),87272563925 (женская консультация ),,http://gp15.kz,,https://instagram.com/gp15_almaty,https://facebook.com/gp15Almaty,,https://wa.me/77089706237,,43.224649,76.82748,https://2gis.com/firm/70000001089053375,branch
Городская поликлиника №12,поликлиника,Взрослые поликлиники,"бульвар Бухар жырау, 47",,050040,,Бостандыкский район,Алматы,,Алматы,Казахстан,Пн: 08:00-20:00; Вт: 08:00-20:00; Ср: 08:00-20:00; Чт: 08:00-20:00; Пт: 08:00-20:00; Сб: 08:00-14:00,+05:00,3.1,97,87273101212 (контакт-центр: пн-пт 8:00-20:00; сб 8:00-14:00),87472101212 (контакт-центр: пн-пт 8:00-20:00; сб 8:00-14:00 ),87273104812 (справочная: пн-пт 8:00-18:00; сб 8:00-14:00),,,,,,,,43.231729,76.913331,https://2gis.com/firm/70000001054773679,branch
Городская поликлиника №30,,Взрослые поликлиники; Детские поликлиники,"проспект Жибек Жолы, 128",1 этаж,050000,,Алмалинский район,Алматы,,Алматы,Казахстан,Пн: 08:00-20:00; Вт: 08:00-20:00; Ср: 08:00-20:00; Чт: 08:00-20:00; Пт: 08:00-20:00; Сб: 08:00-14:00; Вс: 08:00-14:00,+05:00,2.6,273,87272794711 (приемная),87272793916 (регистратура),87272794780 (регистратура),,,,,,,,43.26089,76.933136,https://2gis.com/firm/9429940000829877,branch
Городская поликлиника ветеранов Отечественной войны,платное отделение,Взрослые поликлиники; Терапевт; Гинеколог; Офтальмолог; ЛОР (отоларинголог); Хирург; Физиотерапевт; Уролог; Эндокринолог; Онколог; Инфекционист; Маммолог,"улица Амангельды, 41",,050012,,Алмалинский район,Алматы,,Алматы,Казахстан,Пн: 08:00-20:00; Вт: 08:00-20:00; Ср: 08:00-20:00; Чт: 08:00-20:00; Пт: 08:00-20:00; Сб: 09:00-15:00,+05:00,2.6,34,87073104145,87273104541 (служба поддержки),,http://vov-policlinika.kz,,,,,,,43.254846,76.930522,https://2gis.com/firm/70000001089088649,branch
Центральная военная поликлиника МО РК,,Взрослые поликлиники,"улица Жарокова, 210",,050057,,Бостандыкский район,Алматы,,Алматы,Казахстан,Пн: 09:00-17:00; Вт: 09:00-17:00; Ср: 09:00-17:00; Чт: 09:00-17:00; Пт: 09:00-17:00,+05:00,3.0,2,87272460648,,,,,,,,,,43.221461,76.902338,https://2gis.com/firm/70000001080364859,branch
Городская поликлиника №16,платное отделение,Взрослые поликлиники; Терапевт; Детские врачи; Хирург; ЛОР (отоларинголог); Гастроэнтеролог; Уролог,"12-й микрорайон, 19",,050036,12-й м-н,Ауэзовский район,Алматы,,Алматы,Казахстан,Пн: 08:00-20:00; Вт: 08:00-20:00; Ср: 08:00-20:00; Чт: 08:00-20:00; Пт: 08:00-20:00; Сб: 09:00-15:00; Вс: 09:00-15:00,+05:00,,,87273032495 (служба поддержки пациента  ),87272220009,,http://www.gp16.kz,,https://instagram.com/almaty_gp16,https://facebook.com/GP16Almaty,,,,43.220329,76.865245,https://2gis.com/firm/70000001089087025,branch
Городская поликлиника №2,,Взрослые поликлиники; Детские поликлиники,"улица Шухова, 37Б",,050007,,Медеуский район,Алматы,,Алматы,Казахстан,Пн: 08:00-17:00; Вт: 08:00-17:00; Ср: 08:00-17:00; Чт: 08:00-17:00; Пт: 08:00-17:00; Сб: 09:00-14:00,+05:00,2.0,350,87077541284 (служба поддержки пациентов),87273992343 (регистратура),,http://gp2.kz,,https://instagram.com/n2_emhana_almaty,https://facebook.com/policlinic2,,,,43.275687,76.982077,https://2gis.com/firm/9429940000794541,branch
Поликлиника,НИИ кардиологии и внутренних болезней,Взрослые поликлиники; Терапевт; Кардиолог; Нефролог,"улица Айтеке би, 120",,050000,,Алмалинский район,Алматы,,Алматы,Казахстан,Пн: 08:00-17:00; Вт: 08:00-17:00; Ср: 08:00-17:00; Чт: 08:00-17:00; Пт: 08:00-17:00 (по предварительной записи),+05:00,2.7,18,87272676834 (регистратура),87272330061,,,,,,,,,43.256724,76.92699,https://2gis.com/firm/9429940000799265,branch
Городская поликлиника №24,,Взрослые поликлиники; Детские поликлиники,"улица Земнухова, 3/1",,050028,Нижняя пятилетка м-н,Турксибский район,Алматы,,Алматы,Казахстан,Пн: 08:00-20:00; Вт: 08:00-20:00; Ср: 08:00-20:00; Чт: 08:00-20:00; Пт: 08:00-20:00; Сб: 09:00-16:00,+05:00,1.8,124,87780037044 (регистратура: пн-пт 8:00-17:00),87273122490 (регистратура: пн-пт 8:00-17:00),,http://gp24.kz,,,,,,,43.349317,76.9428,https://2gis.com/firm/9429940001256981,branch
Городская поликлиника №15,,Взрослые поликлиники; Детские поликлиники,"микрорайон Аксай 1А, 4",1 этаж,050031,Аксай-1а м-н,Ауэзовский район,Алматы,,Алматы,Казахстан,Пн: 08:00-18:00; Вт: 08:00-18:00; Ср: 08:00-18:00; Чт: 08:00-18:00; Пт: 08:00-18:00,+05:00,4.4,131,87273979921,87272563925 (женская консультация ),,http://gp15.kz,,https://instagram.com/gp15_almaty,https://facebook.com/gp15Almaty,,https://wa.me/77089706237,,43.23915,76.824763,https://2gis.com/firm/70000001033208022,branch
Городская поликлиника №23,,Взрослые поликлиники; Детские поликлиники,"улица Жалайыр, 34",,050058,Улжан-1 м-н,Алатауский район,Алматы,,Алматы,Казахстан,Пн: 08:00-20:00; Вт: 08:00-20:00; Ср: 08:00-20:00; Чт: 08:00-20:00; Пт: 08:00-20:00; Сб: 09:00-16:00 (дежурный врач: пн-пт 8:00-18:00; сб 9:00-14:00),+05:00,2.8,326,87273386714,87273386764,,http://www.gp23.kz,,https://instagram.com/gp.23kz,https://facebook.com/www.gp23.kz,,,,43.296133,76.870974,https://2gis.com/firm/9429940001278928,branch
Городская поликлиника №22,,Взрослые поликлиники; Детские поликлиники,"улица Жанкожа батыра, 193а",,050065,Шанырак-2 м-н,Алатауский район,Алматы,,Алматы,Казахстан,"Пн: 08:00-13:00, 14:00-20:00; Вт: 08:00-13:00, 14:00-20:00; Ср: 08:00-13:00, 14:00-20:00; Чт: 08:00-13:00, 14:00-20:00; Пт: 08:00-13:00, 14:00-20:00; Сб: 08:00-13:00, 14:00-20:00 (дежурный врач: сб)",+05:00,1.9,205,87273808725 (регистратура: пн-пт 8:00-20:00; сб 9:00-16:00),87273187873 (горячая линия: пн-пт 8:00-20:00; сб 9:00-16:00),87273808707 (регистратура: пн-пт 8:00-20:00; сб 9:00-16:00 ),,,,,,,,43.304891,76.853148,https://2gis.com/firm/9429940001278924,branch
Городская поликлиника №11,,Взрослые поликлиники; Детские поликлиники,"микрорайон Айнабулак 3, 87",,050014,Айнабулак 3 м-н,Жетысуский район,Алматы,,Алматы,Казахстан,Пн: 08:00-20:00; Вт: 08:00-20:00; Ср: 08:00-20:00; Чт: 08:00-20:00; Пт: 08:00-20:00; Сб: 09:00-14:00,+05:00,3.4,422,87473108711,,,http://gp11.kz,,,,,,,43.320923,76.916141,https://2gis.com/firm/9429940000794528,branch
Городская поликлиника №27,платное отделение,Взрослые поликлиники; Невролог; Хирург; Эндокринолог; Дерматолог; ЛОР (отоларинголог),"улица Даулеткерея, 140",,050027,Акжар м-н,Наурызбайский район,Алматы,,Алматы,Казахстан,Пн: 08:00-20:00; Вт: 08:00-20:00; Ср: 08:00-20:00; Чт: 08:00-20:00; Пт: 08:00-20:00 (дежурный врач: сб 9:00-16:00),+05:00,,,87273720042 (регистратура),87273720017 (регистратура),87089712419 (служба поддержки пациентов),http://gp27.kz,,https://instagram.com/gp27_almatynauryzbai,,,https://wa.me/77089712419,,43.186331,76.806263,https://2gis.com/firm/70000001089023073,branch
Городская поликлиника №14,платное отделение для взрослых,Взрослые поликлиники; Медицинская диагностика; Гинеколог,"улица Бенберина, 22",,050047,Айгерим-1 м-н,Алатауский район,Алматы,,Алматы,Казахстан,Пн: 08:00-20:00; Вт: 08:00-20:00; Ср: 08:00-20:00; Чт: 08:00-20:00; Пт: 08:00-20:00; Сб: 08:00-16:00 (дежурный врач: сб 9:00-13:00),+05:00,5.0,1,87273382232 (горячая линия: пн-пт 8:00-20:00; сб 9:00-13:00),,,http://gp14.kz,,,,,,,43.274658,76.843155,https://2gis.com/firm/70000001089093892,branch
Городская поликлиника №7,,Взрослые поликлиники; Детские поликлиники,"бульвар Бухар жырау, 14",,050021,Коктем-1 м-н,Бостандыкский район,Алматы,,Алматы,Казахстан,Пн: 08:00-20:00; Вт: 08:00-20:00; Ср: 08:00-20:00; Чт: 08:00-20:00; Пт: 08:00-20:00; Сб: 08:00-14:00 (дежурный врач: сб 09:00-16:00),+05:00,3.6,35,87273100707,,,,,https://instagram.com/gp7_almaty,,,,,43.233431,76.925093,https://2gis.com/firm/70000001050913223,branch
Городская поликлиника №7,платное отделение,Взрослые поликлиники; Терапевт; Психотерапевт; Медицинские анализы; ЛОР (отоларинголог); Вакцинация; Ведение беременности; Гинеколог; Онколог; Медицинская диагностика; Хирург; Диетолог; Психиатр; Психолог; Проведение хирургических операций,"бульвар Бухар жырау, 14",,050021,Коктем-1 м-н,Бостандыкский район,Алматы,,Алматы,Казахстан,Пн: 08:00-20:00; Вт: 08:00-20:00; Ср: 08:00-20:00; Чт: 08:00-20:00; Пт: 08:00-20:00; Сб: 09:00-14:00,+05:00,,,87273100707 (регистратура),,,,,,,,,,43.233431,76.925093,https://2gis.com/firm/70000001089087286,branch
Центр ПМСП Алмалинского района,,Взрослые поликлиники; Детские поликлиники,"улица Ади Шарипова, 88",,050012,,Алмалинский район,Алматы,,Алматы,Казахстан,"Пн: 09:00-13:00, 14:00-18:00; Вт: 09:00-13:00, 14:00-18:00; Ср: 09:00-13:00, 14:00-18:00; Чт: 09:00-13:00, 14:00-18:00; Пт: 09:00-13:00, 14:00-18:00",+05:00,3.6,11,87780037045,,,http://pmsp-almaly.kz,,,,,,,43.247916,76.923207,https://2gis.com/firm/9429940001094761,branch
Городская поликлиника №19,,Взрослые поликлиники,"улица Папанина, 220",,050054,,Турксибский район,Алматы,,Алматы,Казахстан,Пн: 08:00-20:00; Вт: 08:00-20:00; Ср: 08:00-20:00; Чт: 08:00-20:00; Пт: 08:00-20:00; Сб: 09:00-14:00,+05:00,2.5,189,87273101919 (call-центр),87272433737 (call-центр),87072201919 (call-центр),http://gp19.kz,,https://instagram.com/gorodskaiapoliklinika19,,,,,43.320062,76.963891,https://2gis.com/firm/9429940000794540,branch
Городская поликлиника №13,,Взрослые поликлиники,"проспект Сейфуллина, 97",,050037,,Турксибский район,Алматы,,Алматы,Казахстан,Пн: 08:00-20:00; Вт: 08:00-20:00; Ср: 08:00-20:00; Чт: 08:00-20:00; Пт: 08:00-20:00; Сб: 09:00-12:00,+05:00,2.3,177,87272232120,87075253087 (детское отделение ),87074950387,http://gp13almaty.kz,,https://instagram.com/gp13almaty,,,,,43.31643,76.939079,https://2gis.com/firm/9429940000843667,branch
Городская поликлиника №9,,Взрослые поликлиники; Детские поликлиники,"улица Шолохова, 17",,050011,,Турксибский район,Алматы,,Алматы,Казахстан,Пн: 08:00-20:00; Вт: 08:00-20:00; Ср: 08:00-20:00; Чт: 08:00-20:00; Пт: 08:00-20:00; Сб: 09:00-16:00,+05:00,3.8,395,87272996246 (вызов врача на дом),87272996247 (вызов врача на дом),87272996209 (регистратура детской поликлиники),,,https://instagram.com/gp9_almaty,https://facebook.com/gp9.kz,,,,43.336323,76.947618,https://2gis.com/firm/9429940000794546,branch
Городская поликлиника №29,платное отделение,Взрослые поликлиники; Терапевт; Гинеколог; Хирург; ЛОР (отоларинголог); Кардиолог; Невролог; Офтальмолог; Уролог; Травматолог-ортопед; Маммолог; Медицинские анализы; Медицинская диагностика,"микрорайон Зердели, 371/3",,050038,Зерделі м-н,Алатауский район,Алматы,,Алматы,Казахстан,Пн: 08:00-20:00; Вт: 08:00-20:00; Ср: 08:00-20:00; Чт: 08:00-20:00; Пт: 08:00-20:00; Сб: 08:00-16:00; Вс: 08:00-16:00,+05:00,,,87272212911 (горячая линия: пн-пт 8:00-20:00; сб 8:00-16:00),,,,,,,,,,43.281337,76.824826,https://2gis.com/firm/70000001089088848,branch
Городская поликлиника №28,,Взрослые поликлиники; Детские поликлиники,"Жас Канат микрорайон, 54/2",,050054,Жас Канат м-н,Турксибский район,Алматы,,Алматы,Казахстан,Пн: 08:00-20:00; Вт: 08:00-20:00; Ср: 08:00-20:00; Чт: 08:00-20:00; Пт: 08:00-20:00; Сб: 09:00-14:00 (дежурный врач: сб 9:00-14:00),+05:00,2.1,344,87272484625 (регистратура),87273410153,87273410154 (администрация),,,https://instagram.com/pmsp_zhaskanat,,,,,43.319424,76.98154,https://2gis.com/firm/70000001021262784,branch
Городская поликлиника №21,,Взрослые поликлиники; Детские поликлиники,"микрорайон Кокжиек, 66",,050028,Кокжиек м-н,Жетысуский район,Алматы,,Алматы,Казахстан,Пн: 08:00-18:00; Вт: 08:00-18:00; Ср: 08:00-18:00; Чт: 08:00-18:00; Пт: 08:00-18:00; Сб: 09:00-16:00; Вс: 09:00-16:00,+05:00,2.0,264,87273842858,,,,,,,,,,43.356238,76.924004,https://2gis.com/firm/9429940001033195,branch
Городская поликлиника №1,платное отделение,Взрослые поликлиники; Гинеколог; Дерматолог; Невролог; ЛОР (отоларинголог); Офтальмолог; Терапевт; Физиотерапевт; Хирург; Маммолог; Гастроэнтеролог; Эндокринолог; Уролог; Кардиолог,"улица Гоголя, 53",,050002,,Медеуский район,Алматы,,Алматы,Казахстан,Пн: 08:00-20:00; Вт: 08:00-20:00; Ср: 08:00-20:00; Чт: 08:00-20:00; Пт: 08:00-20:00; Сб: 08:00-14:00,+05:00,,,87273102397,87273102376,,http://1gp.kz,,,,,,,43.260708,76.952337,https://2gis.com/firm/70000001089053513,branch
Городская поликлиника №4,платное отделение для взрослых,Взрослые поликлиники; Медицинская диагностика; Терапевт; Маммолог; Психолог; Гастроэнтеролог; Дерматолог; Кардиолог; Невролог; Онколог; Травматолог-ортопед; ЛОР (отоларинголог); Офтальмолог,"улица Торайгырова, 12а",,050043,Орбита-3 м-н,Бостандыкский район,Алматы,,Алматы,Казахстан,Пн: 08:00-20:00; Вт: 08:00-20:00; Ср: 08:00-20:00; Чт: 08:00-20:00; Пт: 08:00-20:00; Сб: 09:00-15:00,+05:00,,,87273100004,,,http://4gp.kz,http://jivo.chat/H7UbxAj9W2,,,,,,43.201802,76.8767,https://2gis.com/firm/70000001089092794,branch
Центральная военная поликлиника МО РК,,Взрослые поликлиники,"улица 13-й Военный городок, 46Б",1 этаж,050030,13-й Военный Городок м-н,Турксибский район,Алматы,,Алматы,Казахстан,Пн: 09:00-17:00; Вт: 09:00-17:00; Ср: 09:00-17:00; Чт: 09:00-17:00; Пт: 09:00-17:00,+05:00,2.5,4,87272901584 (регистратура),,,,,,,,,,43.378065,76.987705,https://2gis.com/firm/9429940000794126,branch
Городская поликлиника №32,платное отделение для взрослых,Взрослые поликлиники; Хирург; Маммолог; ЛОР (отоларинголог); Офтальмолог; Невролог; Эндокринолог; Физиотерапевт; Уролог,"улица Монтажная, 33",,050054,Маяк м-н,Турксибский район,Алматы,,Алматы,Казахстан,Пн: 08:00-20:00; Вт: 08:00-20:00; Ср: 08:00-20:00; Чт: 08:00-20:00; Пт: 08:00-20:00; Сб: 09:00-16:00,+05:00,,,87273861710,87273862003 (единая справочная),,,,https://instagram.com/gp32almaty,https://facebook.com/gp32almaty.kz,,,,43.336396,76.98298,https://2gis.com/firm/70000001089092290,branch
Центральная Районная Поликлиника,,Взрослые поликлиники,"улица Жангозина, 14а",,,,,Каскелен,Карасайский район,Алматинская область,Казахстан,"Пн: 08:00-13:00, 14:00-18:00; Вт: 08:00-13:00, 14:00-18:00; Ср: 08:00-13:00, 14:00-18:00; Чт: 08:00-13:00, 14:00-18:00; Пт: 08:00-13:00, 14:00-18:00",+05:00,1.0,3,87277122922,87273001498,,,,,,,,,43.209932,76.620207,https://2gis.com/firm/70000001071259512,branch
Интермедикал,медицинский центр,Взрослые поликлиники; Медицинская диагностика; Ангиохирург; Гинеколог; Детские врачи; Кардиолог; Маммолог; Офтальмолог; Терапевт; Травматолог-ортопед; Уролог; Физиотерапевт; Хирург,"улица Рыскулова, 224а",,,Спутник ж/м,,Талгар,Талгарский район,Алматинская область,Казахстан,Пн: 00:00-24:00; Вт: 00:00-24:00; Ср: 00:00-24:00; Чт: 00:00-24:00; Пт: 00:00-24:00; Сб: 00:00-24:00; Вс: 00:00-24:00,+05:00,4.2,44,87718085858,,,,,https://instagram.com/intermedical_talgar,,,https://wa.me/77718085858,,43.324933,77.249119,https://2gis.com/firm/70000001084273888,branch
Городская поликлиника №20,управление общественного здоровья г. Алматы,Взрослые поликлиники; Детские поликлиники,"улица Коныртау, 1а",,050039,Нуршашкан м-н,Турксибский район,Алматы,,Алматы,Казахстан,Пн: 08:00-13:00; Вт: 08:00-13:00; Ср: 08:00-13:00; Чт: 08:00-13:00; Пт: 08:00-13:00; Сб: 08:00-13:00; Вс: 08:00-13:00,+05:00,1.8,5,87272327211,,,http://gp20almaty.kz,,https://instagram.com/qe20almaty,https://facebook.com/qe20almaty,,,,43.332681,77.013089,https://2gis.com/firm/70000001023455221,branch
Алматинская многопрофильная клиническая больница,поликлиника,Взрослые поликлиники,"улица Демченко, 83",,050019,,Медеуский район,Алматы,,Алматы,Казахстан,Пн: 08:30-17:00; Вт: 08:30-17:00; Ср: 08:30-17:00; Чт: 08:30-17:00; Пт: 08:30-17:00,+05:00,,,87272394920,,,http://amkb.kz,,https://instagram.com/almobl_amkb,https://facebook.com/amkb.pr,,https://wa.me/77078069496,,43.283477,76.990415,https://2gis.com/firm/70000001088945457,branch
Городская поликлиника №20,платное отделение для взрослых,Взрослые поликлиники; Терапевт; Невролог; ЛОР (отоларинголог); Гинеколог; Хирург; Уролог; Кардиолог; Офтальмолог; Эндокринолог,"микрорайон Жулдыз-1, 5в",,050049,Жулдыз-1 м-н,Турксибский район,Алматы,,Алматы,Казахстан,Пн: 08:00-13:00; Вт: 08:00-13:00; Ср: 08:00-13:00; Чт: 08:00-13:00; Пт: 08:00-13:00; Сб: 08:00-13:00; Вс: 08:00-13:00,+05:00,,,87273100020 (горячая линия: пн-пт 8:00-20:00; сб 9:00-16:00),,,http://gp20almaty.kz,,https://instagram.com/qe20almaty,https://facebook.com/qe20almaty,,,,43.364429,76.992561,https://2gis.com/firm/70000001089092611,branch
Городская поликлиника №20,управление общественного здоровья г. Алматы,Взрослые поликлиники; Детские поликлиники,"улица 13-й Военный городок, 54Б",,050030,13-й Военный Городок м-н,Турксибский район,Алматы,,Алматы,Казахстан,"Пн: 08:00-18:00; Вт: 08:00-18:00; Ср: 08:00-18:00; Чт: 08:00-18:00; Пт: 08:00-18:00; Сб: 08:00-18:00; Вс: 08:00-18:00 (дежурный врач: сб, вс)",+05:00,1.7,6,87273100020 (горячая линия: пн-пт 8:00-20:00; сб 9:00-16:00),,,http://gp20almaty.kz,,https://instagram.com/qe20almaty,https://facebook.com/qe20almaty,,,,43.376513,76.989161,https://2gis.com/firm/70000001045706988,branch
Городская поликлиника №20,участок №11,Взрослые поликлиники; Детские поликлиники,"улица Шортанбай жырау, 12",,050039,Альмерек м-н,Турксибский район,Алматы,,Алматы,Казахстан,Пн: 09:00-14:00; Вт: 09:00-14:00; Ср: 09:00-14:00; Чт: 09:00-14:00; Пт: 09:00-14:00; Сб: 09:00-16:00; Вс: 09:00-16:00 (дежурный врач: сб 9:00-14:00),+05:00,4.3,3,87272344916,,,http://gp20almaty.kz,,https://instagram.com/qe20almaty,https://facebook.com/qe20almaty,,,,43.374723,77.006347,https://2gis.com/firm/70000001027948421,branch
Алматинская многопрофильная клиническая больница,платное отделение,Взрослые поликлиники; Уролог; Офтальмолог; ЛОР (отоларинголог); Гинеколог; Невролог; Гастроэнтеролог; Кардиолог; Эндокринолог,"улица Демченко, 83",,050019,,Медеуский район,Алматы,,Алматы,Казахстан,Пн: 08:30-17:00; Вт: 08:30-17:00; Ср: 08:30-17:00; Чт: 08:30-17:00; Пт: 08:30-17:00,+05:00,,,87272394920,,,,,,,,,,43.283477,76.990415,https://2gis.com/firm/70000001089053738,branch
Жамбылская центральная районная поликлиника,,Взрослые поликлиники,"улица Карасай батыра, 47",,,,,,Жамбылский район,Алматинская область,Казахстан,Пн: 08:00-20:00; Вт: 08:00-20:00; Ср: 08:00-20:00; Чт: 08:00-20:00; Пт: 08:00-20:00; Сб: 08:00-12:00,+05:00,1.0,8,87277079922,,,,,https://instagram.com/jambylskaya_crb,https://facebook.com/profile.php?id=100026098341288,,,,43.237127,76.30107,https://2gis.com/firm/70000001055944851,branch
Бакай,поликлиника,Взрослые поликлиники,"улица Абая, 332д",,,,,Есик,Енбекшиказахский район,Алматинская область,Казахстан,"Пн: 08:30-13:00, 14:00-17:00; Вт: 08:30-13:00, 14:00-17:00; Ср: 08:30-13:00, 14:00-17:00; Чт: 08:30-13:00, 14:00-17:00; Пт: 08:30-13:00, 14:00-17:00; Сб: 09:00-12:00",+05:00,,,87005540264,,,,,,,,,,43.375348,77.448226,https://2gis.com/firm/70000001089690527,branch
Городская поликлиника №2,,Взрослые поликлиники,"улица Гаухар аны, 87в",,,,,Талдыкорган,Талдыкорган городская администрация,Жетысу область,Казахстан,Пн: 08:00-20:00; Вт: 08:00-20:00; Ср: 08:00-20:00; Чт: 08:00-20:00; Пт: 08:00-20:00; Сб: 08:00-20:00; Вс: 08:00-20:00,+05:00,2.0,1,87282247782 (взрослая регистратура ),87282243244,87282240803,http://gorpol2-tk.kz/,,,,,,,45.020802,78.373543,https://2gis.com/firm/70000001054903265,branch
Шипагер,медицинская клиника,Взрослые поликлиники; Гинеколог; Массажист; Терапевт; Невролог; Уролог; Проктолог; Офтальмолог; ЛОР (отоларинголог); Маммолог; Процедурный кабинет; Медицинские комиссии,"улица Каблиса Жырау, 66",,,,,Талдыкорган,Талдыкорган городская администрация,Жетысу область,Казахстан,Пн: 08:00-16:00; Вт: 08:00-16:00; Ср: 08:00-16:00; Чт: 08:00-16:00; Пт: 08:00-16:00; Сб: 08:00-12:00,+05:00,5.0,1,87282245431,,,,,https://instagram.com/shipager_tdk,,,,,45.012022,78.386653,https://2gis.com/firm/70000001080618524,branch
Поликлиника МВД,,Взрослые поликлиники,"улица Амангельды, 3",,,,,Талдыкорган,Талдыкорган городская администрация,Жетысу область,Казахстан,"Пн: 09:00-13:00, 14:00-18:00; Вт: 09:00-13:00, 14:00-18:00; Ср: 09:00-13:00, 14:00-18:00; Чт: 09:00-13:00, 14:00-18:00; Пт: 09:00-13:00, 14:00-18:00",+05:00,1.0,1,,,,,,,,,,,45.012866,78.386457,https://2gis.com/firm/70000001080355912,branch
Городская поликлиника №1,,Взрослые поликлиники,"улица Кабанбай батыра, 66",,,,,Талдыкорган,Талдыкорган городская администрация,Жетысу область,Казахстан,Пн: 08:00-17:00; Вт: 08:00-17:00; Ср: 08:00-17:00; Чт: 08:00-17:00; Пт: 08:00-17:00 (дежурный врач: сб),+05:00,1.0,1,87282243970,87282242318,87282240480 (служба поддержки пациентов),http://taldpol.kz/ru/,,https://instagram.com/gor.pol_tdk,,,,,45.020304,78.372472,https://2gis.com/firm/70000001089414113,branch
Зире,клиника,Взрослые поликлиники; Детские поликлиники,"улица Ескелди би, 1",,,,,Талдыкорган,Талдыкорган городская администрация,Жетысу область,Казахстан,Пн: 09:00-18:00; Вт: 09:00-18:00; Ср: 09:00-18:00; Чт: 09:00-18:00; Пт: 09:00-18:00; Сб: 09:00-18:00; Вс: 09:00-18:00,+05:00,,,87282329097,,,,,,,,,,45.020616,78.39393,https://2gis.com/firm/70000001079664334,branch
Городская поликлиника,,Взрослые поликлиники,"улица Ауэзова, 35",,,,,Текели,Текели городская администрация,Жетысу область,Казахстан,Пн: 08:00-20:00; Вт: 08:00-20:00; Ср: 08:00-20:00; Чт: 08:00-20:00; Пт: 08:00-20:00; Сб: 09:00-20:00,+05:00,4.5,2,87283549063,87282411212,,,,,,,,,44.861363,78.769833,https://2gis.com/firm/70000001089266665,branch
